,dim_0,dim_1,dim_2,dim_3,dim_4,dim_5,dim_6,dim_7,dim_8,dim_9,dim_10,dim_11,dim_12,dim_13,dim_14,dim_15,dim_16,dim_17,dim_18,dim_19,dim_20,dim_21,dim_22,dim_23,dim_24,dim_25,dim_26,dim_27,dim_28,dim_29,dim_30,dim_31,dim_32,dim_33,dim_34,dim_35,dim_36,dim_37,dim_38,dim_39,dim_40,dim_41,dim_42,dim_43,dim_44,dim_45,dim_46,dim_47,dim_48,dim_49,dim_50,dim_51,dim_52,dim_53,dim_54,dim_55,dim_56,dim_57,dim_58,dim_59,dim_60,dim_61,dim_62,dim_63,dim_64,dim_65,dim_66,dim_67,dim_68,dim_69,dim_70,dim_71,dim_72,dim_73,dim_74,dim_75,dim_76,dim_77,dim_78,dim_79,dim_80,dim_81,dim_82,dim_83,dim_84,dim_85,dim_86,dim_87,dim_88,dim_89,dim_90,dim_91,dim_92,dim_93,dim_94,dim_95,dim_96,dim_97,dim_98,dim_99
0,3.5505803064068253,-0.8467541089412122,-1.46558470742902,-2.0774722112101207,6.974876978539952,-1.2453165861052302,3.228332671130971,3.3436611090617117,-4.23743078520404,9.287463028473836,0.7621110397127473,2.6454973605540064,1.1435091331713112,5.299561252483617,0.5985158800922901,4.681903784600037,3.4106662868232043,0.3371918043088422,-4.936530832655647,2.4379447283870466,-5.49436612822369,3.719315420539986,-0.6264947973291273,-1.6771572621196187,6.0336749183401475,1.0135896119403371,7.041619462743563,4.87030267719536,0.2808445703834898,5.863762861631448,6.656447787857042,-0.941330716387808,1.788417343580218,-1.5718650945004784,0.7482124491556168,0.8683969073638642,6.25439722693665,2.4489286157646775,-0.993699482831782,-4.468490326977902,3.080759917696655,-5.077520220297721,4.2758954606732384,0.748030830214216,-0.21028179923873513,6.805182094060092,0.4385234727693414,10.478325355204795,3.4797216113546847,2.1106731415712137,4.189343387567586,5.272255878770491,-1.696268525229983,5.178649944304984,-4.049978582326583,9.915825710040924,3.6499689592505207,1.1743924889946393,5.417506582280044,-1.592236375516665,6.506108658138781,2.748448011635982,2.976576342827265,5.6175040138953145,3.7799652333169163,1.0894934048651264,7.097864062894349,-0.7187901036319994,2.5937615526234326,1.9908168658366565,3.942220973206439,2.8560078626792578,1.5190751544447358,5.12121191617536,5.309591280848046,3.5158542029281024,2.6795881229715994,5.148801558934239,2.3261271434645754,-1.5613082059912036,2.7699065288558424,-1.6634190242278521,1.1053027159950797,-0.8439457479890792,5.132170970275998,-1.1740658481000914,7.960359626341161,4.645584119020862,2.2979178588524896,6.758018659626255,-0.29745610107212683,6.63702678278485,1.8637491688136594,3.675834458410333,0.6176090805488474,2.5746252345441274,-3.8963686830496935,0.7323420071351556,2.134420457143412,4.6294688074086485
1,3.7067776346977706,-0.8054928247940202,-1.7014708351773393,-1.3880920427284429,6.558186477154796,-1.6573449913647227,2.463063506293936,3.007072545802342,-4.513208800886636,9.924322887569438,0.856539259077439,4.247045706625972,0.9869027812274453,5.462474078062177,0.6892774574010678,4.7465556681887,3.475671351702716,0.30587075077737635,-5.2933448579730715,0.742969455074344,-4.869985844260497,3.7512895030617086,-0.4793066771271639,-1.8918402885971521,6.38248426954719,1.2631322438826105,7.175915061858269,4.050347797388001,0.142004692061383,5.397237178357765,8.293937834289583,-0.998457980534972,2.034880137793734,-0.2887060004645601,1.4363269267272372,0.8227176561761563,6.911975976098008,2.7311938405751635,-1.1352682419163296,-4.930543164319211,0.6410437335015367,-5.5651583060808445,4.469623890951577,0.5299121994005385,0.4864616420247756,7.393176327997952,-0.04577379025762465,10.898946534680766,3.2437629484010095,2.556913110384572,2.8799808809641436,5.3077383086026115,-2.866075649987503,3.5158408608179195,-6.733548805210943,11.398750338616143,5.453917468791117,-0.6591886538180667,5.076407366681493,-2.145729733446492,6.678792161527003,2.9974637911103255,3.435714554132211,5.613651415647449,4.434704425922568,0.5450794168493425,7.367422594163987,-1.3071534525506816,3.0650421443035722,1.954152692863236,4.628006547406091,2.2569109981579962,0.8742121891843846,6.099721409840973,5.576239752190851,3.7601293757498104,3.3023923974569387,4.832747910144139,2.187848996116251,-2.9044288196994668,3.400393218298427,-2.2562564740682416,1.3938030785703774,-1.4872759559374602,4.8071939889847295,-1.709651311525318,8.207967187836914,4.880914243399495,1.7010506978205264,5.405168662359626,-0.8068182226501046,6.408863871991995,1.7301124753151376,3.740615386105955,-0.9659433051490085,2.6947488689196426,-3.5967646731289946,1.7235674269072025,3.1486379345217133,4.083863163397579
2,3.8180339729269814,-0.9657013818107757,-1.6158236254239897,-0.7246192023479817,5.917318094556851,-2.213408836792458,1.5053936491243225,2.6051365817662235,-4.38565369501708,11.762094397473149,0.7296529662647817,6.322048248604561,0.7135036207097136,5.780134464010504,0.8261745995929313,5.0176314316106625,3.2560322472492538,0.4916133861083192,-5.519894899344738,-0.4687180802202171,-3.8348577792517546,4.011551231629515,-0.2719529122138198,-2.8018652435108105,6.494368270040897,1.0000502858289457,7.342194873926431,3.4208558152454125,0.23448927214160326,4.383188537575016,11.356777142466452,-1.2205847127564216,2.6386602090277007,1.278782716463227,2.1740209480550314,0.3125415413676644,7.7731715900060845,2.7988667649369274,-0.46453706878823375,-5.496029421735804,-2.4670960884371063,-5.792094026171174,4.2839761867033435,0.6117730334650557,1.0813694470316033,7.7334487911817265,-0.8813593609509942,11.473474048277955,2.914157931107689,2.6331893863571993,1.4715362213212992,5.802449560724296,-3.6035752000638,1.486348198730234,-9.626956564821963,13.597729730250736,7.74946309715007,-2.14669540947009,4.737655089022152,-2.67493851983686,7.200512535534072,4.049192252654166,3.5864939735767454,5.621675850399477,5.487043138331288,0.0571540681513687,7.217719656166366,-2.516849694152552,3.0349205901478564,2.1040294530346593,5.474054006716863,0.6003042275546686,0.09131680393324348,7.01869627548618,6.138301807116075,3.569084037852431,3.89028804989851,4.439617199364028,1.5901494870948143,-4.852138714521817,4.081534037440322,-3.3822459210598153,1.5464519945285145,-2.280299831690666,4.31319307850542,-1.7014917839885306,8.820415087958548,5.42812663086869,1.0886340874201168,3.0151054669893096,-0.9704230243185037,6.101107838301486,1.5272157770924815,3.7384578684272376,-1.9633416917642679,2.477436029812136,-2.5569009222375634,2.446553821715067,4.3047541214018725,3.1750489295068682
3,3.567305908509386,-1.0650620795843104,-1.7646231837338942,-0.2614682320679935,5.047791885553863,-3.0002973253497767,0.22217333760122004,2.505095750983278,-3.685796478375846,14.118248173870658,1.140856057313505,8.551996954624224,0.1788815448172878,6.283899758066928,0.7465398139515256,5.405815003593046,2.6189173292372496,1.209420040260322,-5.200215775263366,-1.5386045710812741,-2.5141248553309063,4.340733084902714,-0.25669739893452714,-4.0879357668235645,6.224904366950308,0.23972759761821993,7.939575998847969,3.0894328622320506,1.2415229023395438,4.299720803623197,14.09305329835907,-1.4840814141296115,3.4696316631316506,3.042955049809335,2.5310357206805434,-0.49276508305356237,8.382458573323568,2.539482033049518,0.4926025204490596,-5.870013442718288,-4.5164010247491575,-5.9519355334901105,3.9532177526999472,0.5072877542200895,1.3177061143033462,7.9991806133494245,-1.8379217569169137,12.06397384653232,1.8097274193910131,2.634777981263148,-0.37610785332806707,6.299732602267122,-3.868605317549275,-1.0289541356275742,-12.329147649953406,15.568060331889647,10.098221021983797,-4.074650292126096,4.328541011531079,-3.4885057864894593,6.788340211336259,5.276183809011524,3.4400986805259706,5.992719745483766,6.186292024149632,-0.4620290804033207,7.5106677111839115,-3.889380533774849,2.656970819063704,1.725529087633708,6.2273239621528775,-0.9036800878532951,-1.2294041392410628,7.8312525325933855,6.983394661319685,3.6116456432875674,4.6687733588334375,4.335132366795659,0.9843198921669398,-6.5491760821691924,5.153059700469373,-4.370298194000569,1.8340857788362175,-2.9685662041033325,3.706261898505265,-1.5858661950292063,9.642914764257611,6.054908148046542,0.0832269782882229,-0.19691719466135682,-0.7409477979417411,5.843509984064604,0.9740284449530607,3.8519128000104974,-2.6044728753298214,1.907545884058037,-0.827546183052846,3.106172350629487,5.447982513183606,2.4015324283096184
4,3.202045728423985,-0.7917631012327343,-1.5134339375074468,0.18482130407028552,4.249586203974602,-3.730666221754416,-0.8443080901637612,2.5277987599377374,-3.2658769711163873,17.764314047856672,1.7303027025478124,10.735494275070405,-0.5672943042463832,7.082409382446247,0.7710384602786386,6.225960266310166,1.7476400425768963,2.0508040662080393,-4.574219178559883,-1.8788048077037907,-1.0549373534674982,4.938270000442639,-0.2089624258328011,-5.9512966653887105,5.597029074958279,-1.2855535720796278,8.20962819740085,3.2471291792136405,2.7409073226745195,3.7596341772103377,18.05263880261359,-2.417459683571681,4.471784209964175,4.864387181324273,2.652057470775779,-1.3198875662228922,9.149788115556067,1.8024168740483866,2.2400221665144944,-6.106138243787263,-6.819017768374165,-6.098774868547558,3.4818025254692007,0.9327422963509735,1.1871416084454829,7.719757798398559,-3.096865233784071,12.532687354747381,-0.026983026157930468,2.1636635801539668,-2.3540714349875076,7.246395542729073,-3.1834901504667106,-3.355834231364646,-14.836450907174289,17.987020245708695,12.489281646967093,-5.7992330171596755,4.316478101621122,-4.26789768926018,6.767498038366089,7.2483523422672675,3.018227296283753,6.605604636424191,7.225924770784132,-0.9482348578290942,7.377885046184861,-6.150303687371306,1.869192686831453,1.6104875550810207,6.824234968502439,-2.7372853424755808,-2.678432299180215,8.598465055311303,7.91131168939903,3.2431017325554112,4.990048404595319,4.511455184784514,0.33833073524728907,-7.959170632245345,5.993533887380383,-5.550557019963615,1.7995090256563688,-3.8908660343560793,2.7197974627649657,-0.7447627793281223,10.719442894591655,6.623829011357455,-0.6922503123736505,-3.7985616818940917,-0.24713348164137106,5.466683357603095,0.3096116815314458,3.8984674091160056,-2.6036580283480015,0.9054423685366744,2.0008852230011316,3.255524628970557,6.917627432885706,1.4509585436883312
5,2.236564955882068,-0.3405700424895053,-0.8984052004789342,0.26945420308339707,3.257723279020987,-4.313545549353661,-1.0399189473191774,2.668505539432122,-3.6675176169094725,22.802603343019904,2.68235920144609,12.313523917660355,-1.487867865847259,7.717526363879751,0.7450666793455545,7.21079536392368,0.6437451848900116,2.9762763412289557,-3.5994049555421763,-1.9643485350359455,0.04913385594988401,5.391283016908551,0.17959075200505437,-7.924428726066017,5.173211009220144,-3.117255484222574,8.617306013631648,4.20646531631443,5.146058908159357,4.908226536326463,21.024623420759447,-3.5462802498318875,6.007309285925134,6.202249052007743,2.685826999016811,-1.870790627750182,10.040622585647725,0.6256238272238318,3.8387913213903846,-5.947258332684866,-8.01406295510775,-6.739644665754984,3.590459620068667,1.6852705719198453,0.7260480010629147,6.931066403783296,-4.411438535322618,12.535307913970005,-3.1579717683942685,1.4520076264271393,-4.368279759525404,8.655411398174113,-2.278488444552965,-4.30587486128612,-16.246317204483507,19.442599079890222,14.179945491989365,-7.5555799706090045,4.764491316819007,-5.76818384013494,6.175614419325116,10.612202159804626,2.909144400905877,7.043415336692612,8.172792676211424,-1.2659460335487678,7.100508551112137,-9.579508018758712,1.3492337336024018,1.2115556832857544,6.959090614360951,-4.442927704563025,-4.129132253021181,9.522675795806963,8.559367814700824,2.8281723038802875,5.501096696350465,5.300565175299205,0.817900756228116,-8.503298462453314,6.272456956635413,-6.286868638291835,1.2579357897376962,-4.34119588884597,2.1417404842929693,0.07289498280745965,12.092825620708169,7.040673670282131,-1.1954428900457978,-7.279067029133498,0.11124340948919409,4.942719809559378,-0.05085865769878328,4.584124085164299,-1.470360655918073,-0.45805714331235325,6.515124943043055,3.123175157880189,7.850144707880493,1.4109683696836268
6,1.3560790896998283,0.826039804653866,0.23618283693277142,0.3537409453104292,2.4959505038778294,-4.469598701362759,-0.7298006428484785,2.8558184820152137,-5.337674391203652,27.630303029241684,3.7895717842328303,13.42362845453912,-2.7212238162733406,7.955771971763594,1.1385744077594064,8.421270695824536,-0.23131722497150847,3.337902103279796,-2.1414176576267336,-1.6502492529149588,0.6406225350698205,6.457887500809636,0.5799630810713068,-9.811058636085297,5.221253823909737,-4.843576303259554,9.300463330560671,5.937066468467646,7.726112144086625,6.069981806838803,24.55022410009151,-4.862360211669268,7.349138527303675,7.713747243351397,2.4200190371659898,-2.290802218457448,10.656789806875002,-0.5867453115638879,5.162735982859384,-5.332365906559122,-9.929741512095228,-7.6400606897177985,4.2902854640503225,3.3944568673248874,-0.17163546762865978,5.365189890877953,-5.821444500778033,12.42004547652956,-7.1556973005385025,0.19800193798644178,-6.44413946795795,10.589011187161468,-1.2419448592369986,-4.660682946150216,-16.96953285478464,20.83071348470328,15.869689134676346,-9.546655248620805,5.917360009248801,-7.108676871068418,6.652612803598429,14.41869775784507,3.0148407572856954,7.180129715545488,9.58677330755855,-1.3616860639244104,6.095297432353149,-14.223620017283103,1.2693930085598262,1.1638922118269306,6.813491367158458,-5.845973598731228,-5.596811083429948,10.28261891261329,8.078083574256857,2.326918143880803,5.993871607915557,6.934153320730007,2.506748244542004,-8.825935619926785,5.6229402136048,-6.609759524606715,0.3820553272559333,-4.749645790060998,1.2557465763325286,1.6615217992042335,13.622613111528434,8.079052950489427,-0.676709949723366,-9.291571641042502,0.46637567447770023,4.053334562351357,-0.6692894029702439,4.830205893457366,0.3247548798841793,-2.0211066608278347,12.109573946881895,3.348841252749783,8.638120099258614,1.6454924206433645
7,0.44512723000497295,2.626083508846633,1.58298239174774,0.43487096853986706,1.9062311284589835,-4.0132613329293685,-0.01877758993288703,2.983384806381957,-8.58616773998035,29.141820362013682,4.7674822011909255,13.1371104870319,-3.809497398353575,7.4866095705269355,1.7453800287364714,9.40804971657586,-1.1144787217558931,3.2221506444266748,-0.15695610394400838,-1.752405495348535,0.6939190707765129,7.23761421275038,0.8856478617369259,-10.915438355838408,5.9282021114590275,-5.0746864233258675,10.313447215445937,8.172071948111512,10.07354303503663,8.078396992690502,26.17019452153101,-5.930561056866378,8.137392451737373,7.611139509440626,2.3888775292324365,-2.048496618566829,10.746448494775704,-1.6172104424713456,5.792577194674419,-4.105602926218378,-12.279592485063876,-8.896167187995546,6.219982974151937,5.454068554468003,-1.1539832858833652,3.4008865911891393,-6.662614999442988,12.243886493395678,-11.641324978715256,-1.0865446682486453,-7.549115277098132,12.386414385941785,-0.9986389564771572,-3.6108138998810957,-15.734287412603695,20.130842044365984,17.327122621969327,-11.230505432109624,7.744415991788422,-8.081789059269262,8.605167529495674,17.700230569037604,3.5478851504683786,6.4139657920504565,10.041966031013303,-1.0814273289622367,4.766318180127589,-18.054930967206637,2.1362777554457044,1.3305769114709514,6.479778777687209,-6.695399691944666,-6.228352275524173,10.526211884093074,6.254548298182314,1.2263888591920322,6.935955398370037,9.601927286367136,5.773300291429947,-8.387596981206634,3.7016093634902067,-5.702206016327521,-1.0631190537608837,-4.281849330470073,1.184341255447718,3.0795651307477088,14.236026417073123,8.247982381693625,0.6257027248226668,-9.268242158410299,-0.570491938080887,1.64177303238088,-2.1160762621161444,4.938138366067853,2.116045701637608,-3.9176722870727367,17.09168359820686,4.92060504261466,8.613951955090178,2.958876106911842
8,-0.18933594382770857,4.2949133672147894,2.7046963249443645,0.74942322516687,1.1585903755783424,-3.6271147421864223,0.5324778475421579,2.8532298810608587,-12.002621742090984,27.5076137824027,5.766303005695955,12.505304823819372,-4.876147648541863,6.461468211194066,2.5767059308041054,10.06751571691863,-1.5581769898519156,2.667235056228403,1.6653859061169376,-1.923313000961171,0.5986789472335419,8.67399100405878,0.9095434909750524,-11.100695891292066,6.942781586278697,-4.208044341522852,11.876543936912558,10.948062276180961,12.081085307508804,9.453163345329509,26.77392243422882,-6.0786356566737165,7.968106571020824,7.3678353061627515,2.2337982499914872,-1.511397578972168,9.634266105073566,-1.9297470397885528,5.95606368278769,-2.985257259174563,-15.000412918594051,-9.496100340187224,8.637792012706562,8.015203008309038,-2.0210831907798883,1.839556979721844,-7.446957192914913,12.273405702162952,-15.54281045568824,-2.1272128141078706,-7.970937958492909,13.706296990197538,-0.15548522995812641,-2.2292713615460347,-13.94777810490136,19.72166873673023,19.07949405668947,-12.809437328326192,9.529911544955104,-7.7047348137379945,10.358211357542238,19.21937028781291,4.651082143118768,4.890050260249761,10.221385311808858,-0.7971005726436422,3.0389277683773837,-20.073363406226147,3.8255362247642255,1.8693364392185392,6.134022984311619,-7.932327783453501,-6.163712663723331,10.170735690382742,3.5112148987205027,-0.45262676752205716,7.740625042983758,12.587887748906,9.536990619292128,-7.996003435005014,1.9096151478668681,-4.590342138039496,-2.2373231872697334,-3.36129637112467,1.705023113040601,4.578756007842559,14.90647208910834,9.763383414243101,2.5738715313864944,-7.350978217889458,-1.9915238330137568,-0.9357486759472404,-4.340131833304968,4.519965335054381,3.909498921833848,-5.276318099945623,20.46224170505182,7.479040625435907,8.727624041087223,4.510207039539543
9,-0.9017209150908525,6.479913671271947,3.686912947293449,1.5995316196658476,-0.5008848427546719,-3.228724039800432,1.7089094967240381,2.874051832634656,-13.15783567875327,23.366339346878153,6.374122443504769,11.258778940223607,-5.034841994658964,4.604275500716658,2.9984249754338195,10.065259372151033,-1.9791838034149545,2.2397712596268926,3.1975298514916286,-1.8913202046618345,0.7773443184210554,9.4603765697913,0.6108951595476246,-10.59480666157187,8.220350504084838,-1.7699816762694756,13.202065971036472,13.272338782635178,13.3680199090607,9.890850436271327,25.245720503563845,-6.144057515360177,7.224242811815003,5.1736563951444285,2.025243749541155,-0.13479605109284593,8.163228995570016,-1.81537011486432,5.752123500723714,-1.956006728354894,-16.56397435605688,-9.657595204917959,10.923664919164823,10.54031082007321,-2.3728475465926406,0.7021708331595127,-8.14130720968896,13.148867001060037,-18.808401650068248,-2.7159173505767864,-8.212859339786426,13.573349619347423,1.3656038599662117,-0.10480943354784833,-12.70137739821769,19.212656489232234,18.86324650789552,-13.649630741466426,10.99679313819146,-6.942192184242977,11.577213330501852,18.64327959723349,5.702500698441052,3.167130324922235,9.300631500437385,-0.30340609155614917,1.803887703792674,-19.8273084635466,6.118440562845926,2.0015336531467733,6.203160767153524,-8.941747273390044,-5.472595552587798,9.195222247999322,1.0050717710712371,-2.278556214803662,7.890423264732439,14.859040021130832,12.620221170819107,-7.05255313298521,0.7658086504623807,-3.594241296605046,-2.905211020612568,-2.3380642028175163,2.7639319088571743,5.425890386582038,14.248129950945712,11.04147678152065,4.149196109934753,-3.949295036639943,-4.416518016465198,-2.863094665025593,-6.539363297899895,3.524952968773101,5.014292960721257,-6.212437784113153,21.09051331275927,10.522750400947608,8.471878684674882,6.190335173785077
10,-1.9864056424376362,7.315431912164413,4.857661168208751,2.8117077462954505,-3.0578030445848796,-2.8833929592736514,3.86963182878906,3.2336754303072315,-14.540168028511626,18.20195364606154,7.376356310339187,10.241171176277508,-5.770017523266543,2.2084101458697885,3.2489215896889,9.711510815234869,-2.3034119089118965,1.896810297298601,3.5653421429185106,-2.056540843555389,2.0096138061849653,10.131677522268635,0.0023297604528420557,-8.793311821410711,9.005120169829048,0.6576919811195363,13.53824617968639,14.782039270304832,14.278354073587028,9.030643566526964,21.833786824099125,-6.043240792057025,6.192617727225542,1.4954982880125818,1.7587487122143517,0.8049870360707889,6.663394419175354,-1.5309509729864563,4.756660619579302,-0.9728225083500458,-16.32334309891832,-9.585770451947464,12.336112954278823,12.44046351388293,-2.6333458538208014,0.45724779592118825,-8.888962263642016,13.826750513023896,-21.057475065887267,-3.269673928661829,-8.691672231923144,12.101557425884547,4.594287574935336,1.6962805380059307,-13.886031825155971,19.67593347319636,18.33184930771203,-14.29187301620894,12.057144069170896,-5.640174511160741,10.931147706372801,16.851327320072134,6.134595381683961,2.66047955758504,7.751259647425702,-0.1662926656380863,1.2993959313087955,-17.62943605391695,9.00984506551016,1.4122106821619427,6.770709755427927,-9.66461331918107,-4.276821748973012,7.552962337176071,-1.05599706903641,-4.157055728674096,7.336801012064068,15.176204121652841,14.121677207529991,-5.643007334574063,0.8730533033026373,-3.1055235263243044,-3.1226642667935227,-2.2288011860229457,4.402000618098998,5.7202700145656316,13.62587353172583,13.53198268088339,5.310794029208626,-0.7051717909572659,-6.6633001515436865,-3.617370236224532,-7.996174850357269,2.394201497595409,3.9663535859469787,-6.446167056611015,19.194308802268093,12.66695092986787,8.264596389915274,7.8950221567557515
11,-3.3441515221994393,8.535320254366779,6.737329171179772,4.110510375273103,-6.023144926617455,-2.4742306700750816,7.104638384605752,4.388470691409024,-16.837849944553785,12.83947880590392,7.719918786503986,7.988197343832628,-5.429398084380133,-1.055883794639068,3.2357022347819906,8.496577944852767,-2.607072552444807,1.6065900751320061,3.11910891475165,-1.8475973519677122,4.306767153439354,9.792368492684082,0.3421424471860237,-6.7036745575586565,9.777206275268217,3.3187043646510266,12.289690929467842,14.651917630839105,14.649148939647525,6.596026562404256,17.80615791750144,-6.525105008282769,4.8975426426629864,-3.9598500621054824,1.6802666819536518,1.6259177744642788,6.518135379905613,-1.4490746308788047,2.925197913945523,0.16771700078773943,-13.848849583928232,-10.871033575088264,12.687132958107012,13.427089954177218,-2.7849054617994056,-0.30708475679110325,-9.557214424305943,14.92865179744524,-22.382702424755124,-3.615972708138256,-9.57602817111871,8.318690891100582,8.09336663440741,2.6240555596709227,-15.72796294484749,19.983950445158708,15.04976265599868,-15.40249238503308,12.529536902920242,-4.697254419360042,10.248741950810654,14.464479636461952,5.657071474010625,2.893295372270971,5.3839871176111025,0.0025296053120449358,0.9448362938223049,-14.122754444294014,11.751320252447535,0.3367818055546193,7.415295699158581,-9.113395768511127,-3.1748749553126747,4.919920666259633,-2.5541561544013716,-5.817342166174192,6.754539586858099,13.53598449728555,14.005103179075151,-3.1896556073214253,1.415984892623963,-3.811772064988356,-2.630653532635522,-2.579786532178928,6.77437483319442,5.452184668092363,11.886456771572107,15.0530701777798,5.253235188069951,2.108891836560315,-9.17504184974057,-3.6220628827549306,-8.36068601092755,1.031402209430718,0.9578979255334064,-6.2730993941433955,15.336691855274225,13.132601559449121,7.516971063183257,9.317315085598114
12,-5.110193121793314,9.011493465370267,9.613041406990348,5.204379889230568,-9.305860140422743,-1.6119769786441527,11.274271214996924,6.25418871649207,-22.67911507609634,7.11247270434288,8.232377627365398,5.075868896107821,-4.795540863916791,-4.518760487674397,3.8529110052091027,6.938044008453311,-1.9972373533671535,0.9544870622000943,1.4933805923466834,-1.6062356216207831,6.772943020312137,9.084932206788967,1.410868459273972,-4.763567973625202,9.82621709564885,5.242030266866221,9.69133019584823,13.671025959715243,15.360996661113482,3.378152323038674,13.15232405307193,-7.771768221954424,3.915414064369107,-10.638285607334232,1.6487601350428227,2.6995688628909087,7.639460662506757,-1.6995475457283118,-0.09149054971703263,1.2217553837117445,-9.514984045240512,-13.512424052415406,12.371133358520904,14.226822289599127,-3.678536893677849,-1.2998546538182927,-10.217161382171858,15.913027155951477,-22.60015712177802,-4.352112948625843,-10.22630229269839,3.4855306402536694,12.212727967308679,2.316980927630842,-19.419180095911134,20.704628874262788,11.159628569365026,-17.213761055644383,13.410164342728322,-3.498918025803789,9.508155255562848,12.878612627401296,3.520048226398516,3.897454840499414,3.3340585208108746,0.007219121384844485,0.49450404308855944,-9.710999230395666,14.688062245883048,-0.6402977710866391,7.630410885475308,-8.255824316731559,-1.6765148448141614,1.2200709642638643,-3.993135038541417,-8.744761085568562,6.098760671955724,10.632717987157195,12.42178077067673,-0.4794843342389819,1.865747978476091,-5.006893729029439,-2.249115242796972,-3.7034808963429358,9.49349504967491,5.148293538166676,10.939989195603246,17.208025724814604,4.335554658407267,4.207355045820451,-11.278700954066718,-3.2077078073342866,-7.524024056223231,-0.35476656325933387,-3.938040062905718,-5.748983340206667,10.061745357422936,11.499026866393187,6.666588040616318,10.649788785463006
13,-7.317801035498471,9.273274563912219,12.894579260672039,5.203172759885888,-12.756828198964403,-1.1352838600918536,15.161358137778132,8.791050428834405,-29.84658843408309,1.6600684050083514,6.44437002178791,1.1158193481757182,-2.6980708814467587,-7.612865236824563,4.141045143749752,4.403930124316536,-0.8495312875467878,0.5246717938415739,-0.5596257385822561,-1.3807916361956405,9.250786283617755,7.792627177336041,3.255025443109804,-4.417418442597522,9.525609907469558,6.0405615799103165,6.218824269564577,11.912377274439182,16.315873240665812,0.3662175670751808,8.402808913476218,-9.435098528172073,3.611961650975151,-17.97737721616138,1.1278460434182382,4.552153731687145,9.94305903659801,-2.0689919480273167,-3.2067880325544147,1.497073336551499,-2.470990608746212,-17.020767326441106,10.85405858363784,15.069043681075097,-4.8413961685852565,-3.0721068052085965,-11.144315303766534,16.240857550391752,-20.931874972074628,-5.830994954109212,-9.78744060041976,-2.0885677298750447,15.01666124026437,1.0477553010566376,-21.696918093520825,20.51481180049799,4.734569146295289,-18.130209020056203,13.707597780701331,-1.891477257566403,8.72679981311139,12.277854263957003,-0.2813323050441674,4.782706098773073,2.2259616217805887,0.07987154605894675,-0.5290374215494569,-4.603525431699969,17.84561686531306,-0.988303081927334,6.656660548400312,-7.475185671527058,0.8730836776753037,-3.879227023307007,-5.081557533913371,-12.810274147704725,4.700491977983663,6.3331126454307585,9.55546273989191,2.8875674473000865,2.4899434022080698,-6.566441078324745,-1.171992024423961,-4.398201299745037,11.972573686739729,5.4737159283233865,10.703958548786563,19.087554230446063,2.4387631521363717,5.159777924337634,-12.16631795270856,-2.423660125663898,-5.732880516012701,-1.5703871970353647,-9.72863700457853,-4.170695213566836,3.2160068053679742,8.532221294608386,5.926403218066966,11.603795520529397
14,-9.614116184973078,8.540944618894306,16.888767502351175,4.237664820335643,-15.386996402282032,-0.9597446523581531,17.853177984989316,10.937366368020376,-39.121981797476636,-3.76647183450026,3.4417826331074584,-4.407635256869239,0.7343429592914446,-9.769050580958458,4.448573739129104,1.535838578534816,1.1458583376434102,0.6315649332436546,-2.6735602775425695,-1.0568964520564545,10.753339878718865,6.378959917359752,5.143409126433708,-5.387042731948293,8.213896754536243,5.165927123286742,2.286042472762357,9.887606481500514,17.603758239709656,-3.6054502146882297,6.389530577056539,-12.078615060852545,3.7872525325543793,-24.154384420200454,0.166620896088014,6.873170970600023,12.24197860401559,-2.4747355784079703,-5.75727014770951,0.8487663359534946,5.17568388373653,-21.041783424466576,8.693020707908088,15.944280925724918,-6.297656495720581,-5.114249789624473,-12.33463247235599,16.011080823744678,-17.840228794065244,-7.712274916915238,-8.287295227537225,-7.9596885726577,16.182701509785588,-1.073719846016862,-23.030586686505696,20.412727388969554,-3.1336499849608117,-18.320148723658765,14.474188725547037,0.5043786631411813,7.936814281415785,13.333890710958492,-4.351654219027681,5.168507616085949,2.42292349778247,0.08823188067685628,-2.8025208163338253,1.348162646274666,21.7074242274081,0.10503722062889703,4.498393485065377,-8.367953598968528,3.1213554521404454,-9.390261874322013,-6.500532876448323,-18.278944216769123,2.651865304698262,1.7031568057510134,5.9618148332024825,5.525978207110535,2.6704313255487846,-7.798577295256078,-0.14131872667453482,-4.655453623243194,13.576213013729278,6.719461436327812,11.029765842501659,21.184728073555448,0.34355937903762324,5.784921552557416,-11.297052515753844,-2.3585801535149225,-3.737195865889836,-1.9717998539665418,-14.653766504398735,-2.0838902599145888,-3.1403101361565358,4.762204441342461,5.965064622529185,11.671858221400477
15,-11.720844564931461,7.472412481173431,20.5605593974024,2.4072901936288655,-16.75077067456538,-0.9987747529322707,18.273752675042495,12.11853992510764,-47.31308125905598,-8.769212087892473,-0.5995557910455723,-10.526846289540583,5.344367235788658,-10.96060031818022,4.642186644940704,-1.226638926205792,3.5075643932105383,1.6367802493515604,-4.219334304141144,-0.8813859450392822,11.528031804444309,5.123068981160717,6.4211113837753055,-7.144376868045333,5.798613990467655,3.4424233045466597,-1.7198524068123873,7.360207653438293,18.903493337767333,-8.916068107538612,7.220568468999695,-14.35073991508536,4.120676919066161,-28.466120494246045,-1.3561437292691272,9.583688497691387,13.970414365511854,-2.3727370300212085,-6.798240614450905,-0.7116406683871321,11.106228136490184,-24.679896480930132,6.311487806410802,16.189370735200217,-7.596831093872756,-7.3995974216819,-13.500187869601065,15.083759929683868,-13.603617948157122,-9.790523930763284,-5.958618083528135,-14.143121202392281,15.121215860467302,-3.9651661919855905,-23.00205725510021,19.386607791653315,-12.65934714116598,-17.726469638526428,14.764270030728547,3.531126393561325,7.6272171339226205,13.355544706123489,-7.886738216035152,4.8574045749808406,3.781697704629092,-0.07381640553539093,-5.2456727042983005,7.467819311739076,24.80465248218938,2.532058888705616,1.480453777253795,-10.255415270888662,5.202050644344665,-14.837442246707626,-8.073603623676338,-23.64542128418098,0.37092120158884656,-3.119588636545197,3.2481590987313855,7.849721356159197,2.2303160337824113,-9.085031739926274,1.3534939002773745,-4.142536519062052,13.712900027527946,8.519470526393963,11.421182845948364,22.444378872397518,-1.9874933588305108,5.487826781440949,-8.661457473730596,-3.023260977907277,-2.238811320581945,-2.034267198375544,-18.3394623831357,0.27206513819339007,-8.46940755072023,1.94425461774226,6.126283634888585,10.568839571049848
16,-13.30931853327379,5.7624070492727535,23.446965463932504,0.2105707511256365,-15.81419060864024,-0.9065062188238363,16.29587222557656,11.477295548000992,-52.664327199996926,-13.754366258549336,-4.821352566065919,-16.691983775340553,9.473106048384949,-10.840525521646155,4.9451402477351305,-3.2094393146613984,6.372716505821077,3.6628353114367904,-4.505754211533226,-1.233483078236942,11.349290970355383,4.433924687124049,6.636624351212643,-7.7646754620733915,2.74661498598594,1.3922630673527165,-5.127198791056838,5.27607317987067,20.75370816713382,-14.668166221206338,10.541189024838921,-16.014867281460138,4.151140599195768,-29.960903393990172,-3.097859813079136,11.346643933470238,13.883622698505869,-2.005230085440017,-6.458657407624892,-2.74180992734271,14.741753401971605,-26.675243303039235,3.588712308772051,15.655620068343708,-8.476732004095282,-9.428277513571711,-14.381268593763696,13.10136911009945,-9.153600514728558,-11.37320001041307,-3.771137516398446,-19.6419701431083,12.380755192137045,-7.947872392392746,-22.277168315123667,17.596789910080048,-21.022651911859633,-16.163917020024524,14.417638110165779,6.8350311077144505,7.496066401827832,12.312537931581115,-9.698542714501253,4.769557175294967,5.741835065514039,-0.5118058844548852,-8.028736676606657,12.173681475377842,26.81290971032413,6.1151843123839935,-2.015315691884738,-13.588928033413204,6.574583891238768,-19.643176911222497,-9.990350938987653,-26.804536749652854,-2.31415312238059,-7.012452425911912,1.9112670508225649,10.121758680910425,1.4731387050807356,-9.72965502266274,2.665179957593283,-3.2407140784228217,12.832188123747617,10.977195322758607,10.74024870652478,22.552116238010246,-3.3576439904661703,4.528805158386909,-4.658825383583384,-4.998397025194762,-1.8214390238598055,-1.606889274847103,-19.88337392073075,2.270442114614691,-11.411368939477674,0.5442166486496476,6.383174408018031,8.72929353474083
17,-13.653833682585963,3.0941224668697767,24.515175611940897,-1.6020907135578946,-13.366660848574421,-0.4256318279021857,11.78882983788789,9.238904394982322,-53.032949159932485,-17.276485646064447,-7.767479969350028,-21.788479900083757,12.8569512098026,-9.615208432503543,5.010908286128716,-3.7238647097297597,8.943254510713613,6.34957786332674,-3.968120481370072,-1.5472909859000872,10.75786052245071,4.1459278077466175,6.38569140184498,-5.840664860347394,-1.256990732312115,-0.3546743367931172,-8.043368713879739,2.2692714935767517,22.80001986872379,-21.17095428902458,15.213031612310434,-16.452171639848906,3.7971136116068918,-28.52263490359039,-4.077512583075736,12.301041831458438,12.196497227094826,-1.40325188922209,-4.556544441444436,-4.831646657914265,14.57980775679547,-26.78305189629519,1.043103829913377,13.65188308891442,-8.540429361181644,-10.77027731424021,-14.117819649390974,11.005208068733666,-4.418091095701978,-11.086533631810324,-2.425719611463694,-23.77348262896412,8.662946547321127,-12.075072437589728,-21.043227471672704,15.366294281491346,-27.916608048651888,-14.372781534437609,13.13822656541107,9.92874115214984,8.977966911281804,7.900816641265605,-8.751838410485773,4.168006284742162,7.174148224888293,-1.234694387105085,-9.571127210828148,16.229259418586473,27.001671169375584,10.482649907318171,-4.898618556047779,-15.147036350004827,6.083480329802949,-21.847156889152377,-11.519356824900555,-26.778490243190507,-3.4189140772432807,-9.607892606781064,2.865125191966364,10.935230777077141,0.2636073849898555,-9.545739146505852,3.754713668010005,-1.7852242222392012,11.116320289547348,12.34617982593764,8.601942326359536,20.60873688098378,-4.517560991355657,2.3638478700494616,-0.8156334286829401,-7.343985333632846,-2.586634315227834,-1.4424506279462692,-19.416182028373917,3.704573576568465,-11.89067713668859,0.43992427197005224,5.903400298946236,6.114353449594661
18,-12.694078151115129,0.6260510817604211,25.076241758402116,-3.1842943745585153,-8.129055699729946,0.848681543021452,6.537962861264299,6.01559556851753,-51.8924892235326,-21.41948041105399,-9.34372297674007,-25.678137412746963,13.858342405186917,-7.87949303364052,5.66433948718613,-3.0395395233334557,12.34546146265702,8.637005495711204,-2.5499498752096073,-2.4952268386435925,9.417625132663787,4.534711574720028,5.809490248587756,-1.555710615769643,-5.0269681446811685,-1.3122289625784118,-10.505303882516348,-0.1285592444640038,24.030428900586973,-28.24996135512625,18.687312260624374,-15.745691076997389,3.4472449174597557,-24.33034517150652,-4.135084224250396,12.107315585703109,9.222824117180206,-0.8387868937822567,-2.0973230362843305,-6.403325933914919,12.963905874872133,-26.365347195278517,-1.5787611288141186,11.359812159330097,-8.59747223457748,-11.8485197587739,-13.027778264692582,8.394177874137174,-0.6124577300729199,-9.916172932175337,-0.7482438277664865,-26.334472746077576,5.465008710411265,-16.219434267735096,-20.52534274153129,11.94158426573779,-31.43345436233147,-11.720274761654917,11.920797190348432,13.49949196319766,11.596015616267394,1.6037349994299337,-6.031722847072139,3.758115977735396,8.125780426424067,-1.8907343642543424,-11.123470669882055,19.30663374435429,26.17526708334159,15.770256419206033,-7.1412297429833105,-15.5053645741804,5.590111645291996,-22.930455494324345,-12.434471974582461,-25.518836590830873,-5.632876317148213,-11.583677731424656,3.932242898447194,12.015385208542389,-1.4103167710638047,-8.419794811217496,4.1688787510502285,-0.9932519023308273,8.679747540855335,12.809555345795966,6.566190774990348,17.960897883312043,-5.1679695230724185,0.8326863736448169,2.6311341531239787,-8.564405733778829,-3.2753686959336363,-1.1392788885088656,-18.201774065533016,3.951722524471066,-10.23507523534484,0.6741203956625603,5.5396460582561815,3.7400394042398313
19,-10.5582806191782,-2.3383993668499135,24.562029878949353,-4.628557713025615,-1.6162494047280163,2.489906426465985,1.708885718372909,3.1164007920870125,-47.765609584591104,-23.90444016127712,-10.38669836034968,-27.219483954362925,13.108472452757292,-6.152967856842475,6.398075952542385,-1.5456320161900714,14.704058043100504,10.237470389998762,-0.39382506349342894,-3.462879625558765,6.883766767773199,5.2849064037594875,4.766791713169264,4.9671481155991355,-8.088485304378974,-1.360056801491846,-11.54883191712117,-2.1369833676719483,24.280149914727335,-32.328857416519256,19.356550691725282,-13.724235049954798,3.8067668348699764,-18.228734997276625,-3.014398365770779,10.809854548502052,5.465743014190245,-0.6366800132759808,0.5842477325800339,-7.111692467663742,9.957132921765027,-23.82885225291036,-3.916201942579642,8.312659269077061,-8.641757125767988,-12.293560008782368,-10.915940207774987,5.479471505879633,2.2491748894337267,-7.592193226774827,0.5370267084693534,-25.68016156181802,2.2739822227877164,-19.94102399686253,-20.104447364072694,6.787103072857616,-31.258275345519426,-9.093031643019948,10.215531169980714,17.219890280988384,14.620435070922007,-4.584642153686011,-1.95619887266618,3.1125072298448204,7.9188436086716365,-1.9289372137312721,-11.597488565684273,20.286588241130804,24.77618386066975,20.372690550125085,-8.02609890685848,-12.72597187813627,3.9677564412161166,-21.01449192252969,-12.420343514881491,-22.122503852368286,-6.672300681235438,-11.647285794693,6.164988229839796,12.30865780007975,-2.577624374671763,-6.290770133287319,4.142440680757375,0.09972016113079751,5.151168673657776,11.971663952280483,4.178418333242378,14.485739345605545,-5.7693426382702295,0.21869991718507964,5.8278971351972055,-8.050665718686504,-4.305694647190199,-1.0798503559270247,-16.676556811250013,3.6252320447265727,-6.880263008365757,1.8177368455309462,4.779551882617986,1.9665630705952646
20,-8.09490471951325,-4.485151612618394,23.806798307209405,-5.772507942536119,5.5816699164266375,4.365451970627439,-1.8134094770591007,0.364733735816202,-44.38089967260975,-25.586183404901863,-10.314271324017321,-27.215885653278512,10.848787791844321,-4.686653988563496,7.0991417032601785,0.40427773822376567,16.52220377692475,10.655940415603451,1.648171301398579,-4.368178278496055,4.152803344927181,6.377923527420088,3.708003490343475,11.755498610801322,-10.499024500113974,-1.0008550825625715,-12.293035148649444,-3.520101180312697,22.966219951272123,-35.132800120231416,17.718620099296707,-10.912110928667321,5.004704520264619,-10.961762396697374,-0.9849077670098891,8.156772629351359,2.1115148625038467,-0.28704861951981253,2.3425636819771567,-7.145778854352573,6.687385789859593,-21.040635158659704,-5.927895037730355,5.1801222976877455,-8.627691819156219,-12.47092692412626,-8.32928509601588,2.985465892864749,4.397625726440461,-5.068961881747302,2.106716485036429,-23.679212782746323,-0.06723220021581655,-22.537294955515176,-19.928068136743146,1.039439837720445,-29.081757766427874,-6.414023472657689,9.010527661292175,20.6683092293194,17.252254222742565,-10.580906914037335,3.034852097536101,1.6051844935510973,7.1920630720771745,-1.6758504123715978,-11.447202709332915,20.28539785141397,23.610040096153373,23.962264186544274,-7.91569213737536,-9.108974066768308,2.3932870382420504,-18.163640636904443,-11.490256670324111,-18.871043269510615,-7.547437791526336,-11.709116267649875,7.759069864206747,12.288891321288675,-3.939348807164338,-3.7822241663136027,3.6454065570912357,0.8537366275710608,1.7655586533177292,9.976009897786593,2.0744652425234484,11.098927516258906,-6.146672302725021,0.9763054170570105,8.210805289374633,-5.3510404308125326,-5.120612884462609,-1.2793304971641102,-15.730372320927398,2.8122830950046014,-2.2689220261265124,2.9529522499963243,3.813079910116333,0.6558485227132826
21,-5.829710625458706,-6.510949427454507,22.37595647671915,-6.497893106752533,11.52013041114399,5.882963538878952,-3.86081852458981,-1.8607523897138238,-40.85177338041769,-25.59966424553189,-9.431301512357642,-24.975281521421444,8.255128508617252,-3.3073178899568787,7.302533452497443,2.455660886486848,17.45054417592264,10.10726476970952,3.285736607571087,-5.184453394625137,1.7288600828611247,7.612081850878737,2.0634451341374693,17.545839426174048,-11.848637023967727,-0.3890983970459029,-11.952576624476974,-4.369533338987166,20.328084869763085,-34.59672988937547,13.271783568390592,-7.825240770510813,6.473783900287711,-3.6354509332564042,1.6847235128267617,4.594058220659619,-0.5684993903377524,0.3273928064171039,3.1679332265708915,-6.44317721188818,3.895514216861651,-17.128491132137484,-6.9164340489238425,1.7894418803149452,-8.138673675682767,-12.024395526613123,-5.5466136126140455,0.955925581349534,6.007793375427266,-2.714957009714274,3.4554639064209387,-20.126693377568607,-1.9591059649048632,-23.981489205805936,-19.003778843780367,-4.511544067859444,-24.989647454050836,-4.384525203573588,7.950550238379773,23.168473260065312,17.790392547417277,-15.151319698252443,7.897529490413233,-0.9216824934307768,6.11112667448258,-1.2710155228763833,-10.151441982900401,19.152275250372636,22.572911697481533,24.989972437150442,-7.028227071054334,-5.569222056310288,1.0027221966613213,-14.274323559157633,-9.984532150407794,-15.636282682895564,-7.141170621887385,-11.13068456312035,9.202477308066985,11.743429467817617,-4.536200252322411,-1.6896696311037738,3.006799132628705,1.747196447343605,-1.1285200243266162,7.430686611358837,-0.28431474930388356,8.244223123342772,-6.0831034481053585,2.6629644116872377,9.799235818440067,-1.0934796961289084,-6.1307983685978815,-1.599851430734998,-15.553801781926445,1.9777702839016458,2.627127683504909,4.567165347509292,2.3287077442152064,-0.4612472251488251
22,-4.0293500205994635,-9.122906839223994,20.386940363975107,-6.3263227234741235,14.623137723033421,6.734802411970983,-4.490676973379273,-3.5294168506278787,-36.97954169654404,-23.966330639521125,-7.44585711234473,-20.198941208247106,6.34852780104746,-1.6923439735716541,7.046431415557814,4.420421880343012,18.325125570064785,8.861800975153015,4.197241854458227,-6.234854144135884,0.5049079140642053,8.72999674152723,-0.08287323588659001,21.879720693734875,-11.955499707718838,0.3529323189755291,-10.47960028577343,-4.629005143716357,16.513832891973504,-31.232155560120844,5.897253646315633,-5.546131751562824,7.157645934647858,2.778069200583739,4.575400259702777,0.9094161522714759,-2.4470074713779684,1.2897045039102184,3.6050966533000333,-5.091918720090646,2.0092231107403276,-12.387578991998684,-6.335384751656724,-1.6468121138077918,-6.76597798737681,-10.852323380533168,-3.0196130623645776,-0.8240771982256136,6.7268493677520595,-1.071399589068857,4.575132152993923,-15.393695274816464,-3.253880796434222,-24.708358394434395,-16.9463305348599,-7.907635134312249,-19.172288752654968,-3.416188219391224,7.053400108964333,24.50507055520091,15.496902945288564,-17.90902996179682,11.962448365898679,-4.117997762007824,5.012685612570876,-1.0694804775577742,-7.93997607787,17.83608251066341,21.68021370165219,23.023314455202538,-5.467115412009156,-2.818122321791315,0.8083898244215122,-10.160420211286711,-8.423605232028056,-13.155478909468462,-5.504442797586297,-9.77936544007677,9.894574704916717,11.124011505193998,-3.785488809019249,-0.6763888383381186,2.5659544876435705,2.4481516860645165,-2.9768366125744334,4.815463188588698,-3.3275618858128246,6.30099821860365,-5.618936291837871,4.68339454440308,10.254271380797904,3.7644785929083997,-7.387441842762195,-1.7326048873748796,-16.15238393267554,1.187223461464411,5.9269002140648634,6.853799418514935,0.4631034571166719,-1.4788114651073219
23,-2.475703510336376,-12.404657012117841,18.41294172228311,-4.891778652224704,14.65659684485146,7.043741683388157,-3.976111356855621,-4.985385834185435,-32.91845535779516,-21.802244849337157,-3.9174180743100355,-13.607661293150027,5.241769471451229,0.3079545851123138,6.666824738707184,6.279887088072403,19.986365482099256,7.217806751293674,4.495841720634667,-7.91397542931001,1.3529108006998714,9.629482863363158,-2.255903525173113,25.765211516972084,-10.936543402165215,1.1429436693113766,-8.445249509603013,-4.1482549039915035,12.127243398271112,-27.575215580503926,-2.8829880208545093,-5.178929732933579,6.2225845849122905,7.998287285496412,7.327396134389916,-2.301319693728179,-3.848644395565906,2.5495628143117606,4.550527889518156,-3.2657310756718094,0.8894024028103384,-8.103580348553159,-4.193248510072795,-4.882067022250572,-4.726126743666736,-9.055647166699861,-1.109347741566888,-3.0004907403631265,5.827750776985777,-0.29505323594065425,5.826429081737398,-10.478392861357195,-3.5689669762801812,-25.830439490616822,-14.215416219236268,-7.537924221573696,-12.431490634085147,-3.9976893812747316,6.720075347059829,25.474057812800098,11.084688869570243,-19.56978791666238,15.146759017749613,-7.170534314123905,3.9637783224658034,-1.2973453619052533,-5.70508335194212,17.83998858537565,21.050336620312812,18.803180845504617,-3.1415736463163206,-0.5441693155372012,2.5770755952480147,-7.128023502845838,-7.453446081650305,-12.282894751798324,-3.259265667509673,-8.021734630949373,8.994254988156843,11.532211920933772,-1.458916471970432,-0.35916000464343045,2.4877046557607714,2.1811929727782307,-3.5847020208953237,2.4251486903338355,-7.321304799742121,5.111066768556458,-4.895118363158728,6.921014336741131,9.378790815959944,8.080844849631333,-9.128396525288347,-1.5248362923165595,-17.31560923271118,0.2493277647169756,6.165080321995498,9.888756884843609,-1.3732409544319837,-2.2525736267434358
24,-0.8757363248607757,-15.115214166798609,16.662594398231047,-2.655182994192031,13.151983615313918,7.02026734367184,-3.0868485813293276,-7.089738293749993,-28.99077259632071,-20.027207725000917,0.6360481031048488,-7.095017447634764,4.135944883762519,2.5084772738410215,6.081974855065731,8.015155304100686,22.235219410929687,5.678899646225999,4.693466198453512,-9.99240366014541,4.288825284142327,10.252280766664224,-4.475917486650547,29.973152538318253,-9.256282225511066,1.5156181287188542,-6.6382469291717445,-3.2328496226467887,8.252292926947835,-26.381910200438895,-9.696279209433715,-6.8863422601872735,4.632293777430117,12.771060495093417,9.54715476705276,-5.373612440666715,-5.3431608143796225,4.073316612653112,6.1272280335674,-1.424446902337472,-0.3499725241542784,-5.3984774708309855,-1.073915768446407,-7.784718035186232,-2.5084143036915183,-6.823231838398277,0.31057322152765315,-5.70144937286622,3.5364573126216006,0.22160128114718225,7.341898623398032,-6.913151275426787,-3.064648505975653,-28.32261929617011,-11.47849885873193,-4.569605830408525,-6.282358056548426,-6.147029882171324,7.118568675976274,27.139970033785644,5.513009145464093,-21.653895499220482,17.807067244985696,-9.741832893529043,2.6684924851462566,-1.8404689792079214,-4.088253722851322,19.692821503320705,20.456194168112393,13.69171096569924,-0.5028474796255464,0.8760434171958384,5.2716139336345,-6.09956022513696,-7.055083460767524,-12.833026801286058,-0.3550139375810266,-7.001509704880334,6.305546858280599,13.71310984662731,2.371036520030799,0.13252993285318598,2.667804045830528,0.8556428265705781,-3.3089270947055454,0.47775094334520585,-11.610643496500291,4.215215921204907,-3.595341251798325,9.463724779705615,7.9137102485875355,11.162981078224929,-11.350572685424773,-0.9986229723756924,-18.48839197988452,-0.5760938876942019,3.970913832487982,13.26950385720988,-3.3675392226443055,-2.748603706852082
25,0.5467276437841793,-15.905684559703145,15.000952480888767,-0.42879418117420887,11.609232752674759,6.807533027845063,-2.299675009241141,-10.12290479124736,-25.876008253515018,-18.063137330804043,5.203216750445358,-1.7250071916650613,2.933319251632062,4.713284475101685,4.95883726178257,9.262463661317343,24.053687032152364,4.414200556373916,4.92041504021023,-11.778618465376155,8.364365055614302,10.593519224996264,-7.104099301566241,33.5880306969308,-7.472087726603041,0.6307168765649811,-5.0578847687199815,-2.623269872799637,5.217547807503375,-27.759417361714654,-12.166240711056364,-9.341053819737763,3.775365890001501,18.314904447134133,10.493461139698915,-9.197360308463084,-6.953767964553251,5.811843303576221,7.768618378236158,0.1831076079309676,-2.4200715946180233,-4.318184639220641,2.447338604140247,-10.081020992013741,-0.28283333263727184,-4.182220124792643,1.5487292173236908,-7.901707759484905,0.805398714066254,1.3316885055065595,8.696351610483564,-5.384119744297451,-2.628613198845686,-31.411840114826944,-9.098333316994346,-1.2832398254061117,-1.9930550969378986,-8.896460294770298,7.631960556473805,28.891174970291576,-1.496554689327307,-24.879617249999118,19.85133794222195,-11.961665638189189,1.1625853514021625,-2.628299064659995,-2.7677276891053695,22.285578804949978,18.881278606891364,8.94207531099926,1.5861503131243215,0.6290148901526262,7.01378546975258,-6.232453216901142,-6.566667050254131,-13.259590103370527,3.657594329919172,-7.651021598277358,2.6759536996510187,16.828608416292795,7.2177889142397955,0.8085474908984882,3.19881658965918,-0.8529658363237527,-2.5737895119198573,-0.824875881187084,-15.205104570803053,3.559493906686271,-1.1622132181377007,11.803338998315844,6.949084538016863,12.796029555088383,-13.738726706013853,-0.14434008750459304,-19.077619354125122,-0.6052088611724074,1.2547780978901506,16.473403358850543,-5.5220655914776255,-3.147710412314602
26,1.2868989374571198,-14.537026385448373,12.706869972793477,1.3895427034991117,9.834894404810566,6.362934539022899,-2.0283745133070727,-13.313019266106075,-23.486343423312906,-15.479060591542893,9.069253840303757,1.79965792634064,2.446557715224281,6.694923651459263,3.3243211743055245,9.817187507267212,24.55749604580739,3.413683950919224,4.789193667913434,-12.688066671942078,12.289858672129938,10.867852998049504,-9.959133565588509,35.58163543317027,-6.005119170866298,-1.5456374900736147,-3.5348366143166454,-2.393827482954731,3.1602376309378855,-29.16813051264935,-11.016710040173912,-10.850285429381561,4.210857920794153,23.75373768372791,10.028553051923847,-13.805615476929301,-8.16605512637088,7.482189904904606,8.599000983615799,1.5552455683595126,-3.473727205596685,-3.40036142646348,5.026392743540012,-11.528315679082755,1.8670164614002016,-1.5936560233506345,2.683437788756726,-8.22133300820451,-1.4496194255221062,3.0703057781125858,9.653364897620317,-5.5946241130270735,-2.4946469935486415,-33.506402754094864,-7.398189863258776,1.8324345715680508,0.382515182506173,-10.392936009218223,7.984697092884182,29.505612838971633,-9.097034262153475,-27.24822726036429,20.77167263739117,-13.090656496332997,-0.3760021102724989,-3.778263660544197,-1.7904413071684244,24.34686180325162,16.397501546780397,5.195275741069796,3.0136962272639254,-0.7371131767909083,7.607139811107709,-6.207473118260228,-5.642413747009862,-11.86257118692086,8.63236394022172,-9.023834035116264,-0.7914160410219253,19.270273105932553,11.80237226597226,1.425857105468698,4.4712466355654295,-2.0177336389767175,-1.9220123720830733,-1.004493208730339,-17.91740618520407,3.1864318169689727,2.053122418420546,13.533466824847508,6.702005983721822,13.191849425142426,-15.834121147850944,0.7328040262432294,-19.134925168611492,0.42503567897475847,-0.9838784127937101,19.10105230895045,-6.874966153106191,-3.760686668767433
27,0.9249176541527303,-11.682183059368166,9.279901178147012,2.5670317194794885,7.2945595604117655,5.496562764846451,-2.3351190893705125,-15.63451984249668,-20.370558417777055,-12.241230081956612,10.882750634351153,2.809567942519169,3.339979258054327,7.976159751955574,1.4199052364312248,9.943240998594787,23.60541026103318,2.766481885323463,4.064057234331248,-12.398012634957489,14.975717146346973,10.949900986947629,-12.275633097762245,35.966501084337644,-4.835184239509211,-4.20920865687036,-2.3426215401511166,-2.0592399951889884,2.3035143706490846,-28.525357945809738,-8.745873284461098,-11.148849781201672,6.159265852628117,27.566883384232863,8.823750874309761,-18.27870607221829,-8.655097346681266,8.705926857915035,8.095720075480145,2.8243961872344703,-1.5998928737731326,-0.9078975722229996,5.5931079655207405,-12.067971107712031,4.08126210554208,0.08911560671536378,3.839863856152022,-6.149290905627382,-2.897528397405059,4.975926575209906,10.026194802338384,-6.929055747321095,-2.686292542271342,-33.463213656874025,-5.993212659982321,4.836117543887577,1.9138002286612366,-9.332550170253704,8.330886406387513,28.66957238835566,-15.087234432408703,-26.367725231478573,20.793936801652013,-12.636534120813149,-1.8007652584650287,-5.163395088352032,-1.7502030968864415,25.503280296346187,14.217639551890716,2.683074546319796,4.4222699256271705,-1.9944473308343083,7.867654422070222,-5.337875379624129,-4.4401032567434475,-8.35627601987568,14.11799307684587,-8.905793016014465,-3.368531525295183,19.719972730161448,14.793829681113253,1.8756146470913944,6.460582962438103,-1.974727104113739,-1.8620188206156678,0.007788160695423985,-20.4478905354436,2.516193700757141,5.252349917664903,14.905478891549244,6.390762622060969,12.387008155185901,-17.300626934888612,1.4385026238315897,-18.93585263714835,2.030680316044311,-2.950743367250487,21.05778391857684,-7.082296483067511,-4.733717820517323
28,-0.007221559070001327,-8.05456700407201,5.302775440862416,3.174857060546624,4.592987284826062,4.452292038742576,-2.6983708188024664,-16.0003346828122,-14.983196054938862,-7.460740926270405,10.533247002080659,2.1998130911090503,5.311477378218384,8.285881225673819,-0.010907924274528913,10.242713039703347,21.683049196484856,2.509247406779626,2.8053212055790375,-10.702644691363155,15.751509047844813,10.466208697372466,-13.032732956998302,35.094725565558534,-3.6072506740867922,-6.477902297546238,-1.3391824148065568,-1.05692154040026,1.8104301621617929,-25.872067720375387,-7.557489727603699,-10.71774930758478,8.78986708424082,29.49678922743314,7.439213763172359,-21.312281077329693,-8.811022001051876,9.292514110529277,6.520938566639334,4.288954346663692,1.6673954570093792,3.6565598467354388,4.414122914255883,-11.520745289459242,6.6653363027137145,0.5492190553426157,5.048467654813701,-2.7394461784859283,-3.958321436586728,6.853016370451151,9.394920082151799,-8.084420068590807,-3.181817136525066,-30.946329808350356,-4.0667154180865,7.143090457142402,4.265153386059804,-5.974982253811238,8.480375540056645,26.00852627441736,-17.314780715542817,-22.270623365412213,20.841124584244117,-11.091999877472947,-2.723846526841172,-6.050171440040832,-3.191920804052661,24.45313445256383,12.698044042429782,1.3013125433059496,6.182010850136407,-2.7652758178689494,8.039524323814936,-3.3244925763055395,-3.301495456904429,-3.497655005115341,18.749635339474246,-6.341015617362825,-4.687791924864678,18.72555891707542,15.640685147367538,2.2648304144632063,8.430973996847854,-1.2218116846873952,-2.2195950513364453,1.8251461449990023,-23.095200299583762,0.7315123451771486,7.851717924901182,15.946002266704063,4.6730985790418735,10.46845217787104,-17.521048747076545,2.351735420231286,-17.618679560058478,3.2667691266562255,-4.811839000088206,22.104783625453457,-6.418105825667414,-5.832847229901245
29,-0.18611366311155475,-4.546106670831521,1.7755459163724017,3.323717826972395,3.4741750271633602,3.5016924141812042,-3.2767145189156253,-13.9645367346729,-7.304161112784984,-1.1536731799646187,9.159776583307389,1.6313676119364175,7.450549009366778,7.9447625559034645,0.007860925902243077,10.992214650756365,19.755583645381584,2.430032709026809,1.2983210729138404,-7.67270307763113,14.18257567019878,9.701030575571652,-11.892886331599364,33.38667944015304,-2.323228006732058,-7.925845247495607,-0.01210848275079357,0.36181026603527866,0.8635733251600086,-22.727332627759665,-8.030153673259044,-9.548730540497816,10.386148907953947,30.75551572163641,6.237810516891324,-21.875729950547253,-9.545452522248732,9.41251437302411,4.418906566093142,5.794368679650622,3.3111256894658356,9.418102538123032,2.818623121376948,-10.078123243720862,9.536993669273546,-0.12454482282487866,6.288184996769624,0.1642786489518926,-4.765786219467177,8.489668079580284,7.872490005126735,-8.227588832879144,-3.842507329606662,-27.0351197352341,-0.9168937412452773,7.65130391053848,8.255856418665088,-2.030654218650434,8.057810549990009,22.41872983586869,-15.347605406747505,-17.06779893140976,21.143855989987166,-9.718937078139934,-2.753015601177995,-5.7961203988588155,-6.251623148812444,20.46002247003545,11.156945691670389,1.1077198578781489,7.715727646824382,-3.133885192888566,7.556874039694385,-0.667970970135471,-2.005128139307449,1.5755488011711825,20.79114077031238,-1.6873039184839926,-5.1253704422031365,17.549702650544393,14.670059246325271,2.6869924065078226,9.990201707609724,-0.7455006400410309,-3.063204588797623,4.047523308260578,-24.937960113667188,-1.775662162253838,9.410253899569991,16.306245632879598,1.7499380124546589,8.050702641279615,-16.053639161247602,4.179685721151662,-14.44865272239917,3.6532416484327843,-6.14313497776954,21.799243347588924,-5.002448015814893,-6.719364581115429
30,0.9995150124029012,-1.819549553928944,-0.8312047476026345,2.979982514940372,5.33097596063644,2.6599205671580037,-4.223978287751955,-9.983720727466247,0.4813993384069195,4.316800244213055,8.016833879944922,1.3812094605401333,8.426813774024891,7.274410567302892,1.6829458495449643,11.984370596239929,18.414905488997835,2.5372068633545988,-0.2305018480472788,-4.040202660231527,10.368879807348891,9.590362726919142,-9.51922946804671,32.284423443494816,-1.4983494658699215,-8.633194405834185,1.5235723965745904,1.4997978046158864,0.33368836807394747,-20.556155675313427,-9.577052743969105,-7.7011780574070015,9.934327537919385,31.49307648535754,5.623579889753071,-19.492274505002026,-11.467043102369873,9.342487051997514,1.9768034645419053,6.798603229618617,1.3583514040810565,14.693338611225611,1.7019556508090286,-8.557763014932286,12.107515221893237,-1.8507938379384612,7.536213535174849,1.2656565696769468,-4.6168813841438965,9.14492462186731,5.994037724174239,-7.978844009862372,-4.24343611218516,-23.311804855016565,3.747645644268847,6.1270926871200775,13.586758014887486,0.9720474259805624,7.272643928446486,20.326544073173796,-10.333948404256493,-13.105567054635454,20.76953198719038,-9.204832454874467,-2.506927269371722,-4.509878010546495,-9.849276117837096,14.427624537668217,8.926769957909256,1.67543033567544,8.330201865284955,-3.0521508880875934,6.097513389222075,1.2269523692423718,-0.452489151178761,5.713272509868516,19.72847043050631,3.421846762015692,-5.5548655152783315,16.751704459746264,12.63151431108533,3.292335140800078,11.372531880777316,-0.8298090617604201,-4.741783483781987,6.267483821059287,-24.749936996292085,-3.5394155776585046,9.648769712390278,16.25679069612839,-0.7926455534014225,5.897469431736399,-13.598465073959403,6.737219210042378,-9.837218488254802,3.3876687511697035,-6.475099301814252,19.955707331225863,-3.3287795193414715,-7.1466038346196425
31,3.0179762958067915,0.1503688250426628,-2.511828315586209,2.453688551375225,10.76530509582127,2.3511978644628715,-4.5586830576085156,-5.771928460075263,5.166029556279709,6.250889882395052,7.361525912702504,0.5024625465627488,6.979999488494272,6.577538889038777,3.7578181422764785,13.185996305176387,17.986166711565463,3.269874386318465,-1.522461910135446,-0.9629791352436587,6.048290009736674,10.49554686252802,-6.842863640908752,33.56078855980021,-1.4776389103464762,-9.113761607709757,2.3882695999046035,2.236017666028986,0.4419230287332723,-20.141625292934435,-11.064333982278686,-6.397922973285832,7.37537222435312,31.850903663505996,5.8169724490373795,-15.073098264618874,-14.272707300991406,9.174022224984858,-0.4264577931754783,7.697735350093235,-3.510132720226851,18.543212231491076,1.0444500043384526,-7.467423480464639,13.947149154294848,-4.459245398365429,8.976755655517335,0.940105306810775,-3.4957771357500067,8.82475768641118,4.509452326471526,-8.785050815701506,-4.053797665418912,-19.78255590044312,9.51875299910275,3.722279539737412,19.65585181901677,3.531481961957378,6.881213450323627,21.115309352379413,-4.449882119807249,-11.927727214506803,19.49972446197023,-9.05062608283282,-3.199232156122123,-2.8959749929806993,-12.16416942488848,8.704945707056519,6.340775139915553,2.30511062599825,8.056751945617918,-2.825120785048834,4.6007189040214715,1.5461307015570644,1.077400734040008,7.826648927577369,15.766728864144095,6.763775757208937,-7.00862768072793,16.84726945231113,10.560298144895983,4.07796426113882,12.393894131972221,-1.5037680870917969,-6.666055971330625,7.809161410202652,-23.04187054683343,-4.077379789663504,9.290315194659378,17.798586565948803,-2.6016916465082476,4.446279344423498,-11.897311401511473,9.175043229628537,-4.604139990358834,2.3245191404554006,-5.644046044967587,16.58642740096482,-2.175492704883785,-7.415620710297275
32,4.950929541023504,2.8368816028425985,-3.5155246132354927,2.017435036658042,19.1822822510425,3.0560692133531666,-3.693044073928988,-2.4180761108611497,7.005249311983242,4.6835406658121705,5.8611579063273105,-1.0472269610215452,3.8284523935123866,6.172278626638169,4.9129709288725,14.801890064932508,18.40665450550678,4.509672967004464,-2.184112531540382,1.1389908408981286,3.0417358332547746,12.27145507139307,-4.2563274057025735,36.089062063569514,-1.604817230534887,-9.565589841638126,1.5376508019984692,2.7755818917396784,-0.13572305117048192,-20.150425736118926,-11.57866172223633,-6.006984143601273,3.432232764918852,33.49032662516286,6.613921764635763,-9.601504433478363,-16.427989821283617,8.932300073601754,-1.8509559916409222,8.880358197795735,-10.177986864580335,21.6187210701186,0.9325085326130063,-6.19451514352744,15.162738144365559,-7.840290551064408,10.788988066682109,0.8953378168362303,-1.9706977967582229,7.874156229982881,3.98216235926441,-11.822673419021656,-4.132320703463378,-15.662943353244275,16.071960399299396,1.6488581688930464,24.90069730449685,6.08734273168732,6.991754656794692,23.74663385271829,0.7141268274408827,-12.360719204221574,17.607961069814113,-9.028986970280997,-5.018439282874605,-1.5656064798054397,-12.564543497300898,4.342186482735019,3.7073223174686105,2.7765284354859583,7.21018555351859,-2.913837790802692,4.254379271531245,1.047864285669614,2.8455678860456373,7.737432409188928,9.905536983781685,8.502274697552144,-8.814795094714084,17.873248778596555,8.881622981436914,4.435079181140146,13.231708201789715,-2.373584995131417,-8.28341167944032,8.166490275152784,-21.32524946955541,-4.458120881662323,9.463567293209396,22.196146058674657,-4.545592308461466,3.1499608127547534,-11.991863468082222,11.412791139883312,0.67077576388012,0.12491582712621696,-3.916701361801858,12.513008098006232,-2.055089624345852,-8.041732748561259
33,6.552738074327513,7.286166471976923,-3.8788049428813656,1.9984016445580306,28.800897846111432,4.817737224287881,-1.729547079124722,-0.01253117657239422,7.446705357557054,1.4640608298345659,3.216536807132657,-2.6912596954678607,0.46648306074970347,5.9485403523498075,4.835154434527107,16.655816379587154,19.045260057395673,5.790121826437599,-2.462076901346807,2.685911542302815,1.187375380162011,14.462068806223364,-1.7282212976650353,38.418845081628554,-1.4883955378691187,-10.10788350710383,-1.0478116631240488,2.5414291918836978,-2.2609586456267134,-19.76297016888623,-11.487580115242164,-6.341871665439124,-0.6688114035126165,36.77908516405073,7.851557009564628,-3.735196545476123,-16.915579289395676,8.635418888274708,-2.2499313527361116,10.289227281598126,-17.16232098141353,24.42657011816442,1.2164972479530916,-4.549365187825829,16.057110007766234,-11.94284650948839,12.894765543208127,2.215722530315223,0.09034491518705456,6.641702976100239,4.054637232018672,-16.612539553341435,-5.039595649243678,-10.291427566334907,22.622875298104592,0.4407738896166742,28.046092975151545,8.97879855350508,7.479015352660404,26.371485615382642,4.587734015119482,-12.670484479865166,14.933187095042118,-9.38840159937028,-7.1809291165988585,-0.9114974436660823,-11.354741872418911,1.1949010547707912,1.2230253257360384,3.291177133176487,6.197914880960857,-3.5878921073647025,5.2772339267354775,0.7390508157464384,5.338585642797856,6.435943333082902,3.6056616801263974,8.971046690934527,-10.259738621809811,19.186563719536156,7.326243287214721,4.069746990891077,14.20485637229232,-3.3136098365506554,-9.584460863377352,7.567592331984992,-20.655822962774653,-4.967591059969638,10.383122591243923,28.275832237455507,-7.2149582729322725,2.215411462191304,-12.835821204243743,13.26468947006827,5.453954616186774,-2.712146637271971,-1.8423651349647896,7.940040810622022,-2.9565636550261782,-9.316725513561892
34,7.897926417323565,13.139592495808062,-3.474730621796012,2.791401925863495,37.083140701155735,7.178128274592303,0.9161119949121836,1.72273298996922,6.341617301642556,-1.4279445380363036,0.17478228865482537,-3.762033763522524,-2.133262517254324,5.562873087334894,3.7580743678739856,17.962394544188165,18.907457967003705,6.615012569045805,-2.5900376709983455,4.229038417177704,-0.12290064356818386,16.111029901955614,0.3415988735137949,40.12197152486109,-0.9815093253013778,-10.829253382519576,-4.284548343044939,0.9387886776749514,-5.892042211932328,-18.754873326845935,-11.538440179443086,-7.452370036072332,-3.6169631397694757,40.729762493214174,9.33758575521339,1.3520120843019785,-15.529463023928674,8.279129310992415,-1.9938601274742043,11.746801468037983,-22.63470450394096,26.391432178852202,1.8445418159861207,-2.7259370869981967,16.776852832034944,-16.112207523798464,15.09918853047554,4.857988593808216,2.3544000844146833,5.67929459075207,4.264347933447117,-21.452014044813982,-6.587775982618446,-3.31899569579434,27.43731571682731,-0.10582309507341187,29.1577661657555,12.512783971832263,8.18775624755964,27.867892730583417,6.694179843942468,-11.833687810714448,11.911739961551673,-10.14120352571894,-8.936504750875995,-0.8748634068420325,-8.982862130228533,-0.9337543574536036,-0.7026956483142572,3.8887089253040226,5.754489496563021,-5.5170203057060485,7.129775682025722,1.2328578930861511,8.440559395035805,5.140699606579929,-0.980568759282161,8.13928884736146,-10.960998633365042,20.32748768865539,5.986696231033425,3.2105900652371826,15.15803009643436,-4.333239812829121,-10.47981546634417,6.455610802067552,-21.350948183326796,-5.493270798977796,11.943809504129723,34.12218139170786,-10.630970711067096,2.1588764850342255,-13.038491660843906,14.457320210191595,9.286445456329638,-5.24685173470683,0.4419011610346373,2.6472372204015944,-4.689535817282962,-11.087464324038248
35,8.818564147155623,18.387244060678896,-2.7605382432683783,4.401617589712999,41.428912873383894,9.367919593778659,3.18392153001367,3.454418309717484,3.655709428407494,-2.453452046890143,-2.703603428347838,-3.5179931564578526,-3.271807238732579,5.01725541864369,2.053078357316204,17.755879907538066,16.98574639122972,6.735763389248809,-2.279197674981965,5.88800540856451,-0.7603950725654584,16.294288439159633,1.427517890737341,40.758024330896625,0.15826574136375893,-11.292584687483203,-6.933727478338795,-1.8139343276768014,-10.04699777404908,-16.085773547856483,-11.984087718552857,-8.720878690982836,-4.539007888708792,43.743346283198846,10.6479067590987,4.792037845547537,-12.46857449117418,7.81950753893752,-1.4534909571504375,12.6365935681979,-25.828763825424858,26.950455939172283,2.7794154692921516,-0.31515530590493634,17.101182084946863,-19.1292987210455,16.930690530523368,8.158931163698783,4.1347625968248325,5.27553801429341,4.253952593075379,-24.421219716527315,-8.58232570154734,4.715205219738949,29.392973812762726,-0.5421093178992992,28.732446026589773,16.390904678226917,8.469135188287316,27.911255466072,6.889014773772711,-9.421906955212158,9.017560441731876,-10.93960649284206,-10.130800257238741,-0.8376558719232641,-5.813156655352085,-2.8628375065080682,-1.093875759384296,4.236426599697973,6.200668073297278,-9.304386112590063,8.844738837481513,2.676649447834655,11.780283149432915,4.739126745101314,-2.412128585950392,7.028697007676554,-10.400548958267578,20.94534763442504,5.47625066313446,2.16078253992229,15.717531029153633,-4.891868969116687,-10.462696584764794,5.225424723096202,-22.689660361273656,-5.882593301432507,13.77299059930017,37.75151572947207,-14.016036091091486,2.4528880040185945,-12.130916531985548,14.642223406681378,12.090988435852708,-6.5791824764860944,2.685206469699596,-2.7388434664209917,-6.747901654788613,-12.50794317025396
36,8.93176445957874,20.702392169615315,-2.6962038704955678,6.360991628448453,40.56402369741429,10.709741211067577,3.593225631313285,5.707521011277988,0.32939270365399764,-2.5250279997280076,-5.427612256495026,-1.8435500204790252,-2.7927224394839447,4.354480614201107,0.07993640609841846,15.791273306330183,13.08732811102968,6.195536533522971,-1.1447496415052982,7.334858944936824,-0.37323830173273387,15.03975759525338,2.018141704763761,39.38857111073014,1.9796906318781917,-10.440716505738644,-8.577015295504694,-5.15573904929977,-13.307633708806433,-11.4506347998938,-12.020714365132537,-9.194005809441073,-3.2718907326840374,43.73246402867796,11.38204507324108,6.9675431816968105,-8.468300177502305,7.325369502321518,-1.0641024052513872,12.395424102335904,-27.18710054311777,26.49816033634895,3.467352767342587,3.047688472574991,16.78485151709249,-20.327654058225296,17.832509288134013,11.098700752839633,5.592771959171436,5.395679796334415,3.474750759314864,-24.662887608256224,-10.893348914959956,12.276613700636453,28.982686965798038,-0.38330683839260904,26.821472316058493,20.20759147118752,7.447156235066581,26.459231521516326,6.484163285347195,-6.093449388795439,5.980344124406949,-11.243957287470234,-10.898302690806347,-0.293373874617048,-2.127357888991725,-5.553751420271191,1.1716929581922597,3.6051003206804486,6.927107923778431,-14.157175628361339,9.74234954389569,4.52408916888923,14.640831916011777,5.630072480044257,-1.7008303007733079,6.330653602122873,-8.299906785127146,20.422219394482852,6.174377471595111,1.1598359274560581,15.72598795786509,-4.36606790300423,-9.0844880517894,4.482469014731448,-22.9714830267336,-5.7125254741283005,15.025005264521583,37.84511679635397,-16.10406736879546,1.9224505496769586,-10.309857718863357,13.184075031213624,13.571711852171841,-6.188618557236849,3.577849022463032,-7.2904430340042365,-8.2826085219803,-12.62934075310853
37,8.078104626243405,19.763415632271773,-3.5526228831091764,8.372563368688702,35.10786523575127,10.913296432585897,1.8952691765636955,7.8343998302767135,-2.0252210521925833,-3.372388790988512,-8.126370007781242,0.571304382258397,-1.2691924828366072,3.3427288341644967,-1.8949119815860125,12.77816395811367,8.310771485701913,5.325509620349367,0.7543346164157996,8.339058371288443,1.0148436573691262,13.15242681339845,3.258831702691086,35.424133255368,4.069262933960648,-7.977748669859704,-9.50087407537258,-8.471654926440465,-14.614276838919842,-6.388919303536271,-10.334082486098449,-8.594756805924217,-0.6568364369698965,39.20583805780724,11.389337367992617,8.609644690127372,-4.725337927943771,7.014607006391586,-0.8901383031373689,11.306165189843073,-26.939535091574832,25.813978025581278,3.0907332989704637,6.689045215234506,15.587040114331923,-20.02065342445501,17.417227171511897,12.86515014702448,7.173495936699003,5.734622062085398,1.5850560209780833,-22.9550960519085,-12.502640072048074,17.79525818394595,26.883559248418443,2.55580149583639,23.134827385698134,23.917908517702795,5.331082698320366,23.45068692613993,6.845497472971778,-2.9523567716517896,3.1912834411188578,-10.839384739365233,-10.886283891606556,0.4131059368381287,1.5569667752082221,-8.35021286074751,5.871141278694857,1.4126759946859435,7.227180292718033,-18.25365899376748,9.739207300365406,5.875123382112828,16.097036169146996,7.561046649770692,-1.2181540740361787,5.332776517158479,-5.281515037735424,18.098801915296697,7.496476979192263,0.12158687469176027,15.277436642443917,-3.173408001166139,-6.772507265159396,4.919535712462949,-21.233891072124635,-4.620441271910372,14.984799980479226,34.61072227911149,-16.1961042260224,1.0078708612036067,-7.727300548447001,9.849098929544347,13.289337527638779,-4.301077602030395,1.8109160270436977,-10.43462097182146,-8.716143549717788,-11.30184028319626
38,6.410819847881936,16.179313374925343,-4.838369471556642,10.40883832911653,26.998816726483433,10.08468968419211,-0.7038734980768973,8.205074502176354,-2.760336434178076,-4.811075394534522,-9.742794155277238,3.1654934942323756,0.5005826572063156,1.8996791029002404,-3.2441992296515023,9.728644005291269,4.573216909030896,4.102634252323322,3.111619624033548,8.754575330116026,2.7788596872127425,11.395416158065,5.757372168558074,29.040927027741013,5.710300493534564,-4.97930227515977,-9.813478099844268,-10.48455190390902,-13.811583336620373,-3.1502546680676784,-6.077813274005217,-6.955486329878191,1.8814363423084686,30.877882805303592,10.962995754226654,9.36205625589093,-2.444665225509739,7.1160260968677145,-1.2150686290677015,9.845814795445362,-25.003133471952278,24.829999016649637,1.4027050425937844,9.16930988358222,13.309161828554114,-18.88473954576734,15.482942043451885,12.797534550056628,8.58191124304545,5.516480330187955,-0.8874482901821747,-20.054864852934696,-12.117707876619297,20.084369308603453,23.674685965718243,9.277460923985785,18.29992385373774,27.119925594874175,3.5928309666516336,19.152178691934246,7.575591248532268,-0.9297236426647002,1.9583442922417496,-9.914916014255528,-9.35755173501151,0.712027358189482,4.052156270376264,-10.41512342421394,11.479466445846546,-1.6604436059989955,6.895393575528896,-20.12898143936159,9.163115626859902,5.946465316764965,15.73105968005843,9.659267727349434,-2.6231413994862085,3.265360255628456,-2.877783564643121,13.968540517521175,7.799491031222297,-0.8807251008629984,14.027308804536858,-2.346153402906577,-4.555570639986438,6.338822024373856,-17.98572205884313,-2.1964284612868177,13.512320786714724,29.704339535226726,-14.177332858320806,1.4305448126635165,-4.269326671280378,5.295399347719018,11.60941942221698,-1.759868146835359,-1.542870190524903,-11.770602429981285,-7.847328875524975,-8.982472507990668
39,4.476747070671973,12.322768881164627,-5.747903232731274,12.468996123560446,18.69776804464483,8.710385038267605,-2.8787387038392236,6.403098746724925,-2.823750653369238,-4.760789257799077,-9.780272302037456,4.9041134058658855,2.1195757126762342,0.34805891065827055,-3.8004711798674626,7.054033644546308,3.024173563857699,2.2099227713379284,5.582788048565792,8.176168132199825,4.4070092195342,9.938112426120712,9.261734726105107,22.2436279562334,6.444368544276205,-3.11776880001237,-9.794368154334007,-9.86096020889062,-11.737777993299172,-2.8994246794335274,-0.6279828119156003,-4.567144411449125,3.552943560963013,22.37837409768218,10.673664279580832,8.32244087874385,-1.7048032827887227,7.519519164081974,-1.8622961748682565,8.161343602935704,-21.421745318991267,22.532287644572165,-0.9075732636721051,9.870187428145838,10.360398352810009,-17.4214377790282,12.141471462337249,11.014028736410335,9.188934633561916,4.222765868652353,-2.705149198326259,-16.692718391307444,-9.649921712554029,19.212308448553223,20.431330626006435,17.14741243505491,13.372885472298776,29.03845244957411,3.4071891467811013,14.528676832902606,7.237352643628568,0.1452863142897307,2.8725809971078182,-8.510927604437523,-6.107684309435277,0.6242393834769797,4.7216774022792105,-11.828234015912548,16.106080818966564,-4.088761191198633,6.274618679089848,-19.905634086212682,9.11541728421948,4.6910150799630825,13.936255351999119,11.112127490085186,-5.437656346485557,0.3233884298602036,-2.2220151637374115,9.039200714121883,6.053757513950548,-1.322137778189797,11.849680891836886,-1.886632440597722,-2.657793140381256,7.42687309233721,-14.569963207203452,1.3649179003524408,11.481848387274287,25.308277398214347,-11.184045415437435,3.1549936200264703,-0.42181785047243725,1.3496527458087757,9.590594727146478,0.5106641549532673,-4.471517651714784,-10.943234282265514,-6.147535419423696,-6.218766987960538
