7.210689783096313477e-01,6.852525472640991211e-01,8.299945592880249023e-01,1.260156631469726562e-01,2.148216068744659424e-01,3.261618018150329590e-01,3.769528269767761230e-01,3.386642038822174072e-01,8.729100972414016724e-02,7.614140510559082031e-01,8.156679868698120117e-01,6.792126893997192383e-01,3.036345541477203369e-01,4.409225881099700928e-01,4.394159913063049316e-01
8.414546251296997070e-01,1.421672224998474121e+00,7.532508969306945801e-01,2.237752825021743774e-01,3.850042819976806641e-01,2.753715813159942627e-01,4.408271014690399170e-01,5.757026672363281250e-01,9.236615896224975586e-02,8.063148856163024902e-01,1.621191382408142090e+00,6.447199583053588867e-01,3.790464103221893311e-01,1.122501015663146973e+00,4.020977020263671875e-01
1.150809884071350098e+00,2.380545854568481445e+00,7.527178525924682617e-01,3.200005888938903809e-01,6.585618257522583008e-01,2.507550120353698730e-01,5.515081882476806641e-01,1.086580514907836914e+00,9.960050135850906372e-02,1.226232767105102539e+00,2.555616140365600586e+00,6.334786415100097656e-01,7.266145944595336914e-01,1.601261377334594727e+00,3.852404654026031494e-01
1.772763490676879883e+00,3.764571666717529297e+00,8.194587230682373047e-01,4.883591830730438232e-01,1.033514142036437988e+00,2.376059591770172119e-01,8.368560075759887695e-01,1.750437140464782715e+00,1.205143928527832031e-01,1.871813297271728516e+00,4.021265506744384766e+00,7.572931051254272461e-01,1.135829448699951172e+00,2.482351779937744141e+00,4.103648364543914795e-01
2.699439287185668945e+00,5.822250366210937500e+00,1.112763762474060059e+00,7.557165622711181641e-01,1.652580618858337402e+00,2.524347305297851562e-01,1.306401371955871582e+00,2.769507646560668945e+00,1.924614459276199341e-01,2.896487712860107422e+00,6.254008293151855469e+00,1.090521574020385742e+00,1.812102675437927246e+00,3.921768903732299805e+00,5.236396789550781250e-01
4.237217903137207031e+00,9.044815063476562500e+00,1.879480838775634766e+00,1.196588993072509766e+00,2.561842918395996094e+00,2.864589095115661621e-01,2.035185337066650391e+00,4.359582901000976562e+00,3.724896609783172607e-01,4.499802589416503906e+00,9.617557525634765625e+00,1.987658977508544922e+00,2.801363706588745117e+00,6.015004634857177734e+00,8.578477501869201660e-01
6.452724456787109375e+00,1.365028667449951172e+01,3.768847703933715820e+00,1.871817231178283691e+00,4.048009395599365234e+00,4.192126691341400146e-01,3.188858985900878906e+00,6.822892189025878906e+00,8.218926191329956055e-01,6.926820278167724609e+00,1.459535789489746094e+01,4.082316398620605469e+00,4.429300785064697266e+00,9.404150962829589844e+00,1.704379320144653320e+00
9.893469810485839844e+00,2.008053588867187500e+01,8.225555419921875000e+00,2.945262670516967773e+00,6.289084911346435547e+00,8.074659109115600586e-01,4.984981060028076172e+00,1.057107639312744141e+01,1.957567691802978516e+00,1.046168041229248047e+01,2.110158920288085938e+01,9.129958152770996094e+00,6.756246089935302734e+00,1.418211555480957031e+01,3.771854639053344727e+00
1.427163410186767578e+01,2.669449234008789062e+01,1.767137145996093750e+01,4.558224201202392578e+00,9.870370864868164062e+00,1.691828489303588867e+00,7.724298954010009766e+00,1.607816123962402344e+01,4.706933498382568359e+00,1.511224842071533203e+01,2.762334251403808594e+01,1.937603378295898438e+01,1.040559959411621094e+01,2.095295143127441406e+01,8.683380126953125000e+00
1.928688240051269531e+01,2.860976791381835938e+01,3.354036712646484375e+01,7.131901741027832031e+00,1.487452602386474609e+01,4.055801391601562500e+00,1.165955257415771484e+01,2.300504302978515625e+01,1.078984355926513672e+01,1.984655380249023438e+01,2.802276229858398438e+01,3.614797973632812500e+01,1.497062206268310547e+01,2.741630935668945312e+01,1.856994438171386719e+01
2.149696159362792969e+01,1.806541633605957031e+01,5.038370513916015625e+01,1.090562725067138672e+01,2.213133239746093750e+01,9.148925781250000000e+00,1.650995063781738281e+01,2.885694503784179688e+01,2.352607154846191406e+01,2.142176055908203125e+01,1.500074958801269531e+01,5.191041946411132812e+01,1.998133468627929688e+01,2.847222328186035156e+01,3.563069915771484375e+01
1.737273979187011719e+01,-3.099618911743164062e+00,5.268395233154296875e+01,1.565545654296875000e+01,2.810759925842285156e+01,2.026908111572265625e+01,2.107408142089843750e+01,2.623203086853027344e+01,4.133752059936523438e+01,1.623875236511230469e+01,-5.551988601684570312e+00,5.173919296264648438e+01,2.156000900268554688e+01,1.556657409667968750e+01,5.149701309204101562e+01
8.682781219482421875e+00,-1.489372730255126953e+01,4.252376556396484375e+01,2.019377326965332031e+01,2.693792152404785156e+01,3.659084701538085938e+01,2.082859802246093750e+01,9.340878486633300781e+00,5.342661666870117188e+01,7.077667236328125000e+00,-1.576191520690917969e+01,4.136952972412109375e+01,1.623797416687011719e+01,-5.272915840148925781e+00,5.196815109252929688e+01
1.050060912966728210e-01,-1.707352066040039062e+01,3.537548446655273438e+01,2.131981086730957031e+01,1.299792957305908203e+01,5.274810409545898438e+01,1.387261772155761719e+01,-1.041958045959472656e+01,4.939656448364257812e+01,-9.592677950859069824e-01,-1.693439102172851562e+01,3.494874191284179688e+01,7.271096706390380859e+00,-1.589448833465576172e+01,4.202331161499023438e+01
-5.527146816253662109e+00,-1.587060260772705078e+01,3.344251251220703125e+01,1.559557342529296875e+01,-7.642579555511474609e+00,5.128281784057617188e+01,4.345644950866699219e+00,-1.713276481628417969e+01,3.919409942626953125e+01,-6.176833629608154297e+00,-1.559903430938720703e+01,3.339331817626953125e+01,-1.265321850776672363e+00,-1.718646240234375000e+01,3.507670974731445312e+01
-8.813174247741699219e+00,-1.380894660949707031e+01,3.383843612670898438e+01,5.992096900939941406e+00,-1.639593315124511719e+01,4.093229675292968750e+01,-3.212656259536743164e+00,-1.715074157714843750e+01,3.433750534057617188e+01,-9.155166625976562500e+00,-1.327253627777099609e+01,3.419322586059570312e+01,-6.460569381713867188e+00,-1.568841457366943359e+01,3.377186203002929688e+01
-1.017274665832519531e+01,-1.076081848144531250e+01,3.503080749511718750e+01,-2.103182315826416016e+00,-1.697830581665039062e+01,3.489329910278320312e+01,-7.800770759582519531e+00,-1.523507118225097656e+01,3.432194137573242188e+01,-1.019523906707763672e+01,-1.023950672149658203e+01,3.525751495361328125e+01,-9.370457649230957031e+00,-1.329606342315673828e+01,3.457347869873046875e+01
-1.004441070556640625e+01,-7.579479217529296875e+00,3.520122909545898438e+01,-7.009514808654785156e+00,-1.535992717742919922e+01,3.399201965332031250e+01,-1.009021377563476562e+01,-1.236126613616943359e+01,3.541668319702148438e+01,-9.804726600646972656e+00,-6.906222820281982422e+00,3.508168411254882812e+01,-1.032557106018066406e+01,-9.915710449218750000e+00,3.569488906860351562e+01
-8.796787261962890625e+00,-4.617277145385742188e+00,3.380957031250000000e+01,-9.597859382629394531e+00,-1.271115684509277344e+01,3.510033416748046875e+01,-1.045055103302001953e+01,-8.711558341979980469e+00,3.614171218872070312e+01,-8.502025604248046875e+00,-4.237452030181884766e+00,3.363135910034179688e+01,-9.768605232238769531e+00,-6.508455753326416016e+00,3.538370895385742188e+01
-7.228245735168457031e+00,-2.791739225387573242e+00,3.172982978820800781e+01,-1.027181148529052734e+01,-9.296086311340332031e+00,3.581529998779296875e+01,-9.425169944763183594e+00,-5.155654907226562500e+00,3.530017089843750000e+01,-6.806112766265869141e+00,-2.558743238449096680e+00,3.119236946105957031e+01,-8.246699333190917969e+00,-3.681133747100830078e+00,3.365401077270507812e+01
-5.584591388702392578e+00,-1.981533050537109375e+00,2.896631813049316406e+01,-9.603540420532226562e+00,-5.818970680236816406e+00,3.534276580810546875e+01,-7.705380916595458984e+00,-2.707209825515747070e+00,3.305919265747070312e+01,-5.323351383209228516e+00,-1.922716379165649414e+00,2.857517433166503906e+01,-6.493074893951416016e+00,-2.145702838897705078e+00,3.115133285522460938e+01
-4.422568798065185547e+00,-1.848094344139099121e+00,2.648069953918457031e+01,-7.897599220275878906e+00,-3.317234516143798828e+00,3.327119064331054688e+01,-5.801849842071533203e+00,-1.453971028327941895e+00,3.026179885864257812e+01,-4.155592918395996094e+00,-1.911013722419738770e+00,2.595675277709960938e+01,-4.902503013610839844e+00,-1.548747539520263672e+00,2.831211471557617188e+01
-3.598267793655395508e+00,-2.214360713958740234e+00,2.397561264038085938e+01,-6.138871669769287109e+00,-1.925510764122009277e+00,3.063269996643066406e+01,-4.314687728881835938e+00,-1.162443399429321289e+00,2.741926193237304688e+01,-3.475010633468627930e+00,-2.264745473861694336e+00,2.363832283020019531e+01,-3.798460721969604492e+00,-1.590545654296875000e+00,2.573714065551757812e+01
-3.242820262908935547e+00,-2.723804950714111328e+00,2.191761016845703125e+01,-4.636642932891845703e+00,-1.518105626106262207e+00,2.785035133361816406e+01,-3.270183563232421875e+00,-1.332035899162292480e+00,2.478405570983886719e+01,-3.157024145126342773e+00,-2.869737863540649414e+00,2.149571228027343750e+01,-3.094538688659667969e+00,-1.978998541831970215e+00,2.327137374877929688e+01
-3.187000751495361328e+00,-3.505858182907104492e+00,1.998070144653320312e+01,-3.571822404861450195e+00,-1.648547172546386719e+00,2.520055007934570312e+01,-2.696132659912109375e+00,-1.780008673667907715e+00,2.241048431396484375e+01,-3.175323486328125000e+00,-3.649117231369018555e+00,1.967927360534667969e+01,-2.820149421691894531e+00,-2.535007238388061523e+00,2.117299652099609375e+01
-3.453230857849121094e+00,-4.446346282958984375e+00,1.846870803833007812e+01,-2.992708683013916016e+00,-2.052771568298339844e+00,2.288401031494140625e+01,-2.488240957260131836e+00,-2.349195241928100586e+00,2.031531715393066406e+01,-3.496119260787963867e+00,-4.660797595977783203e+00,1.816488456726074219e+01,-2.838669776916503906e+00,-3.283075094223022461e+00,1.927098083496093750e+01
-4.015091419219970703e+00,-5.750988006591796875e+00,1.723932647705078125e+01,-2.779534578323364258e+00,-2.665108919143676758e+00,2.076544570922851562e+01,-2.590522289276123047e+00,-3.117963314056396484e+00,1.849493026733398438e+01,-4.099747180938720703e+00,-5.980758666992187500e+00,1.706212997436523438e+01,-3.162958145141601562e+00,-4.234916210174560547e+00,1.775057411193847656e+01
-4.829998970031738281e+00,-7.350646495819091797e+00,1.653658676147460938e+01,-2.851424932479858398e+00,-3.406570434570312500e+00,1.897093772888183594e+01,-2.914799451828002930e+00,-4.034204483032226562e+00,1.694528579711914062e+01,-4.989267826080322266e+00,-7.697567462921142578e+00,1.641375160217285156e+01,-3.714635133743286133e+00,-5.488553047180175781e+00,1.649539184570312500e+01
-6.067209720611572266e+00,-9.550316810607910156e+00,1.650658607482910156e+01,-3.211246013641357422e+00,-4.413786411285400391e+00,1.745930099487304688e+01,-3.519572019577026367e+00,-5.320609092712402344e+00,1.579042243957519531e+01,-6.241748332977294922e+00,-9.906511306762695312e+00,1.652268409729003906e+01,-4.584538459777832031e+00,-7.112763881683349609e+00,1.578216266632080078e+01
-7.582339286804199219e+00,-1.198691082000732422e+01,1.743888092041015625e+01,-3.823172807693481445e+00,-5.708609104156494141e+00,1.631013107299804688e+01,-4.407743930816650391e+00,-6.984749794006347656e+00,1.500904369354248047e+01,-7.877242565155029297e+00,-1.248384761810302734e+01,1.768568801879882812e+01,-5.797526359558105469e+00,-9.303214073181152344e+00,1.567264270782470703e+01
-9.601790428161621094e+00,-1.478898048400878906e+01,1.998665809631347656e+01,-4.735525608062744141e+00,-7.422477722167968750e+00,1.563008689880371094e+01,-5.667507648468017578e+00,-9.203094482421875000e+00,1.496167278289794922e+01,-9.862787246704101562e+00,-1.512571716308593750e+01,2.039514732360839844e+01,-7.410581111907958984e+00,-1.192041015625000000e+01,1.661724472045898438e+01
-1.171139907836914062e+01,-1.684119987487792969e+01,2.402731323242187500e+01,-6.031939506530761719e+00,-9.690727233886718750e+00,1.571179771423339844e+01,-7.351006031036376953e+00,-1.200547790527343750e+01,1.588531017303466797e+01,-1.206545448303222656e+01,-1.710800933837890625e+01,2.490427589416503906e+01,-9.468993186950683594e+00,-1.489758872985839844e+01,1.903279685974121094e+01
-1.371231842041015625e+01,-1.702156448364257812e+01,3.015877151489257812e+01,-7.768556118011474609e+00,-1.250072574615478516e+01,1.685779953002929688e+01,-9.447415351867675781e+00,-1.511226367950439453e+01,1.835971832275390625e+01,-1.389384746551513672e+01,-1.684045982360839844e+01,3.101796340942382812e+01,-1.177149009704589844e+01,-1.724949455261230469e+01,2.330918502807617188e+01
-1.462700462341308594e+01,-1.409400367736816406e+01,3.555225753784179688e+01,-9.850395202636718750e+00,-1.536728858947753906e+01,1.958405876159667969e+01,-1.197292709350585938e+01,-1.780219841003417969e+01,2.305844306945800781e+01,-1.460180568695068359e+01,-1.331625366210937500e+01,3.634876632690429688e+01,-1.393735504150390625e+01,-1.775517463684082031e+01,2.965704727172851562e+01
-1.380254364013671875e+01,-8.057832717895507812e+00,3.866231155395507812e+01,-1.230830478668212891e+01,-1.761201667785644531e+01,2.436993408203125000e+01,-1.433278846740722656e+01,-1.824168395996093750e+01,2.971164512634277344e+01,-1.350286102294921875e+01,-7.319121360778808594e+00,3.883372879028320312e+01,-1.499687671661376953e+01,-1.470799064636230469e+01,3.585540771484375000e+01
-1.126048183441162109e+01,-2.671169042587280273e+00,3.773179244995117188e+01,-1.422960186004638672e+01,-1.753374481201171875e+01,3.077427482604980469e+01,-1.545626544952392578e+01,-1.496819686889648438e+01,3.662747955322265625e+01,-1.065409851074218750e+01,-1.938959479331970215e+00,3.730840682983398438e+01,-1.416690063476562500e+01,-8.444658279418945312e+00,3.941885757446289062e+01
-7.831826686859130859e+00,8.460980653762817383e-01,3.408291244506835938e+01,-1.507048225402832031e+01,-1.363132762908935547e+01,3.659609222412109375e+01,-1.447632884979248047e+01,-8.102659225463867188e+00,4.018760299682617188e+01,-7.319718837738037109e+00,1.166407823562622070e+00,3.369884490966796875e+01,-1.136819458007812500e+01,-2.239245891571044922e+00,3.839599990844726562e+01
-4.790310382843017578e+00,2.117794275283813477e+00,3.045460700988769531e+01,-1.380638504028320312e+01,-7.316375732421875000e+00,3.956914901733398438e+01,-1.140450954437255859e+01,-1.396572470664978027e+00,3.895874023437500000e+01,-4.262428760528564453e+00,2.144798755645751953e+00,2.989381217956542969e+01,-7.632407188415527344e+00,1.521147727966308594e+00,3.474125671386718750e+01
-2.399724960327148438e+00,2.175207614898681641e+00,2.686338424682617188e+01,-1.075267124176025391e+01,-1.210572481155395508e+00,3.800911331176757812e+01,-7.430764198303222656e+00,2.488707780838012695e+00,3.485363006591796875e+01,-2.116036653518676758e+00,2.173097133636474609e+00,2.654187583923339844e+01,-4.311403751373291016e+00,2.793864965438842773e+00,3.069852828979492188e+01
-9.528505206108093262e-01,2.000240087509155273e+00,2.408833122253417969e+01,-7.000834941864013672e+00,1.866833329200744629e+00,3.406643676757812500e+01,-3.848618507385253906e+00,3.610723018646240234e+00,3.063949203491210938e+01,-6.945570111274719238e-01,1.937077999114990234e+00,2.370564651489257812e+01,-1.829936146736145020e+00,2.877252578735351562e+00,2.717381668090820312e+01
3.248066455125808716e-02,1.785113096237182617e+00,2.154955291748046875e+01,-3.845789432525634766e+00,2.913842439651489258e+00,3.009836959838867188e+01,-1.291924357414245605e+00,3.605387449264526367e+00,2.714179039001464844e+01,1.750933229923248291e-01,1.813645124435424805e+00,2.125167274475097656e+01,-2.883214950561523438e-01,2.717682600021362305e+00,2.429699897766113281e+01
6.113807559013366699e-01,1.826606631278991699e+00,1.938493156433105469e+01,-1.487212419509887695e+00,2.847869157791137695e+00,2.667351341247558594e+01,3.722999989986419678e-01,3.460516691207885742e+00,2.424847412109375000e+01,7.325367927551269531e-01,1.851669311523437500e+00,1.910251808166503906e+01,7.538223266601562500e-01,2.622335672378540039e+00,2.179426002502441406e+01
1.068198442459106445e+00,2.032669544219970703e+00,1.742416763305664062e+01,-4.966237582266330719e-03,2.681896686553955078e+00,2.378683090209960938e+01,1.446389436721801758e+00,3.466331481933593750e+00,2.186489486694335938e+01,1.157948970794677734e+00,2.139976978302001953e+00,1.722284317016601562e+01,1.394281744956970215e+00,2.804544210433959961e+00,1.967364311218261719e+01
1.468173623085021973e+00,2.504054307937622070e+00,1.577064037322998047e+01,9.050149917602539062e-01,2.640429258346557617e+00,2.144005775451660156e+01,2.185001850128173828e+00,3.820798873901367188e+00,1.986975479125976562e+01,1.563529729843139648e+00,2.629121303558349609e+00,1.556458187103271484e+01,1.963902473449707031e+00,3.280434846878051758e+00,1.783786010742187500e+01
1.942819356918334961e+00,3.249227523803710938e+00,1.432077980041503906e+01,1.564684152603149414e+00,2.873407363891601562e+00,1.939528274536132812e+01,2.847791671752929688e+00,4.506892204284667969e+00,1.818188285827636719e+01,2.060657024383544922e+00,3.445192813873291016e+00,1.415960693359375000e+01,2.522509098052978516e+00,4.059854507446289062e+00,1.631862640380859375e+01
2.549646377563476562e+00,4.308349132537841797e+00,1.316258811950683594e+01,2.084883213043212891e+00,3.409677982330322266e+00,1.758654594421386719e+01,3.586085081100463867e+00,5.607391834259033203e+00,1.693909835815429688e+01,2.688048839569091797e+00,4.563946247100830078e+00,1.305010032653808594e+01,3.229643821716308594e+00,5.250277519226074219e+00,1.512009716033935547e+01
3.391562223434448242e+00,5.886170387268066406e+00,1.233898735046386719e+01,2.694465160369873047e+00,4.324057102203369141e+00,1.615137290954589844e+01,4.506069183349609375e+00,7.125248908996582031e+00,1.607489395141601562e+01,3.591820478439331055e+00,6.222405433654785156e+00,1.234497547149658203e+01,4.162909984588623047e+00,6.890355110168457031e+00,1.434743976593017578e+01
4.556417942047119141e+00,7.981077671051025391e+00,1.205685234069824219e+01,3.420133829116821289e+00,5.538340091705322266e+00,1.500017070770263672e+01,5.729450702667236328e+00,9.203679084777832031e+00,1.599163627624511719e+01,4.801339149475097656e+00,8.442409515380859375e+00,1.213540649414062500e+01,5.423298358917236328e+00,9.118801116943359375e+00,1.427526855468750000e+01
6.162363052368164062e+00,1.085038566589355469e+01,1.261825752258300781e+01,4.449163436889648438e+00,7.342929840087890625e+00,1.441234397888183594e+01,7.313385963439941406e+00,1.176835250854492188e+01,1.677449035644531250e+01,6.515482425689697266e+00,1.143470096588134766e+01,1.287516021728515625e+01,7.108981132507324219e+00,1.199137496948242188e+01,1.515568065643310547e+01
8.344778060913085938e+00,1.446529865264892578e+01,1.460502910614013672e+01,5.773609638214111328e+00,9.651059150695800781e+00,1.443765735626220703e+01,9.311415672302246094e+00,1.459967136383056641e+01,1.909330177307128906e+01,8.753080368041992188e+00,1.511966133117675781e+01,1.519153594970703125e+01,9.279328346252441406e+00,1.521355056762695312e+01,1.765418243408203125e+01
1.110116767883300781e+01,1.826340866088867188e+01,1.884289169311523438e+01,7.611354827880859375e+00,1.269005107879638672e+01,1.567947959899902344e+01,1.161633110046386719e+01,1.705026626586914062e+01,2.334017562866210938e+01,1.157863807678222656e+01,1.887901687622070312e+01,1.991134452819824219e+01,1.182022953033447266e+01,1.810009384155273438e+01,2.213589668273925781e+01
1.409003734588623047e+01,2.068626785278320312e+01,2.610136985778808594e+01,9.849704742431640625e+00,1.587917804718017578e+01,1.852754020690917969e+01,1.371625804901123047e+01,1.756337165832519531e+01,2.920532226562500000e+01,1.449336147308349609e+01,2.071951103210449219e+01,2.754905700683593750e+01,1.428073978424072266e+01,1.896280670166015625e+01,2.923916435241699219e+01
1.634119796752929688e+01,1.895288467407226562e+01,3.525283050537109375e+01,1.256575584411621094e+01,1.854359054565429688e+01,2.364566993713378906e+01,1.491046905517578125e+01,1.499306678771972656e+01,3.549974822998046875e+01,1.648471260070800781e+01,1.797447204589843750e+01,3.665797042846679688e+01,1.568330669403076172e+01,1.582851409912109375e+01,3.662279510498046875e+01
1.649497222900390625e+01,1.138124942779541016e+01,4.215689086914062500e+01,1.474132823944091797e+01,1.857883834838867188e+01,3.097108840942382812e+01,1.425607681274414062e+01,8.901383399963378906e+00,3.903342819213867188e+01,1.611263465881347656e+01,9.876152992248535156e+00,4.259543609619140625e+01,1.488781261444091797e+01,8.626499176025390625e+00,4.079652404785156250e+01
1.341403961181640625e+01,1.959670305252075195e+00,4.242882919311523438e+01,1.570429801940917969e+01,1.411941242218017578e+01,3.781211090087890625e+01,1.163483810424804688e+01,2.764128208160400391e+00,3.844719696044921875e+01,1.263113784790039062e+01,7.428637742996215820e-01,4.181598663330078125e+01,1.178790187835693359e+01,1.440433740615844727e+00,3.974568176269531250e+01
8.622941017150878906e+00,-4.272114276885986328e+00,3.782133102416992188e+01,1.429312038421630859e+01,6.834686279296875000e+00,4.091354370117187500e+01,8.079193115234375000e+00,-1.190583348274230957e+00,3.487445831298828125e+01,7.773368835449218750e+00,-4.614440917968750000e+00,3.696920013427734375e+01,7.553374767303466797e+00,-2.879538536071777344e+00,3.545855712890625000e+01
3.888231277465820312e+00,-6.225270271301269531e+00,3.254912948608398438e+01,1.061625766754150391e+01,2.363661676645278931e-02,3.901130294799804688e+01,4.679897785186767578e+00,-2.540069818496704102e+00,3.090802001953125000e+01,3.289364337921142578e+00,-6.135320186614990234e+00,3.201164245605468750e+01,3.730241298675537109e+00,-4.218365669250488281e+00,3.103515625000000000e+01
4.292865097522735596e-01,-6.352675437927246094e+00,2.866916275024414062e+01,6.556971549987792969e+00,-3.244481563568115234e+00,3.439288330078125000e+01,2.211843252182006836e+00,-2.742168426513671875e+00,2.728724098205566406e+01,3.183574229478836060e-02,-6.140703201293945312e+00,2.823376846313476562e+01,1.025186538696289062e+00,-4.220125675201416016e+00,2.741460037231445312e+01
-1.856048345565795898e+00,-6.112113475799560547e+00,2.597498130798339844e+01,3.000567674636840820e+00,-4.149944305419921875e+00,3.022490501403808594e+01,5.341113209724426270e-01,-2.527657270431518555e+00,2.435203742980957031e+01,-2.041954994201660156e+00,-5.983713150024414062e+00,2.553514480590820312e+01,-7.471542954444885254e-01,-4.108379364013671875e+00,2.459108924865722656e+01
-3.314631700515747070e+00,-6.188812732696533203e+00,2.378412055969238281e+01,5.549316406250000000e-01,-4.051657199859619141e+00,2.674434280395507812e+01,-5.032920241355895996e-01,-2.426158428192138672e+00,2.183029556274414062e+01,-3.399894475936889648e+00,-6.056120872497558594e+00,2.351634407043457031e+01,-1.907056450843811035e+00,-4.111297607421875000e+00,2.223533248901367188e+01
-4.361912727355957031e+00,-6.587941646575927734e+00,2.232542610168457031e+01,-1.078673124313354492e+00,-3.951561450958251953e+00,2.409088897705078125e+01,-1.220389604568481445e+00,-2.574509859085083008e+00,1.962578392028808594e+01,-4.379933357238769531e+00,-6.549270629882812500e+00,2.199880981445312500e+01,-2.744732141494750977e+00,-4.562074184417724609e+00,2.037056541442871094e+01
-5.290434360504150391e+00,-7.548255920410156250e+00,2.124505043029785156e+01,-2.046276807785034180e+00,-4.044245719909667969e+00,2.177677345275878906e+01,-1.752631187438964844e+00,-2.960417747497558594e+00,1.779935073852539062e+01,-5.276619911193847656e+00,-7.517301082611083984e+00,2.101699066162109375e+01,-3.489470720291137695e+00,-5.340338230133056641e+00,1.880100822448730469e+01
-6.213614463806152344e+00,-8.704996109008789062e+00,2.079345893859863281e+01,-2.842179059982299805e+00,-4.598640918731689453e+00,1.994690322875976562e+01,-2.342943906784057617e+00,-3.709577560424804688e+00,1.619604110717773438e+01,-6.238698959350585938e+00,-8.809464454650878906e+00,2.057250404357910156e+01,-4.358100891113281250e+00,-6.584259986877441406e+00,1.775190162658691406e+01
-7.380598068237304688e+00,-1.033484077453613281e+01,2.108806991577148438e+01,-3.551214694976806641e+00,-5.412354469299316406e+00,1.846134757995605469e+01,-2.977491140365600586e+00,-4.771766185760498047e+00,1.495692920684814453e+01,-7.367423534393310547e+00,-1.039716720581054688e+01,2.089834403991699219e+01,-5.369126319885253906e+00,-8.266631126403808594e+00,1.720907974243164062e+01
-8.626664161682128906e+00,-1.189354419708251953e+01,2.210404014587402344e+01,-4.430195808410644531e+00,-6.829765319824218750e+00,1.747220230102539062e+01,-3.884737014770507812e+00,-6.417053222656250000e+00,1.413985729217529297e+01,-8.729040145874023438e+00,-1.211632537841796875e+01,2.211086273193359375e+01,-6.758166313171386719e+00,-1.043683910369873047e+01,1.751466560363769531e+01
-1.005780696868896484e+01,-1.329041194915771484e+01,2.439245414733886719e+01,-5.477825641632080078e+00,-8.484649658203125000e+00,1.701719856262207031e+01,-5.072158813476562500e+00,-8.454201698303222656e+00,1.383621311187744141e+01,-1.009063720703125000e+01,-1.344618988037109375e+01,2.431379127502441406e+01,-8.392835617065429688e+00,-1.290917778015136719e+01,1.891075706481933594e+01
-1.131384754180908203e+01,-1.378485679626464844e+01,2.722048950195312500e+01,-6.916884422302246094e+00,-1.088503265380859375e+01,1.746549987792968750e+01,-6.781218051910400391e+00,-1.127784442901611328e+01,1.458486461639404297e+01,-1.146992015838623047e+01,-1.401341724395751953e+01,2.757498168945312500e+01,-1.041565322875976562e+01,-1.529543590545654297e+01,2.192399978637695312e+01
-1.220393371582031250e+01,-1.293757629394531250e+01,3.072510910034179688e+01,-8.612269401550292969e+00,-1.326847743988037109e+01,1.902173995971679688e+01,-8.824215888977050781e+00,-1.456201648712158203e+01,1.661207580566406250e+01,-1.227137660980224609e+01,-1.307231330871582031e+01,3.084883308410644531e+01,-1.238195133209228516e+01,-1.665552711486816406e+01,2.646003723144531250e+01
-1.229081726074218750e+01,-1.083746051788330078e+01,3.310480499267578125e+01,-1.072568130493164062e+01,-1.571094989776611328e+01,2.213177871704101562e+01,-1.137756347656250000e+01,-1.784213447570800781e+01,2.100166320800781250e+01,-1.234899139404296875e+01,-1.067205524444580078e+01,3.349082946777343750e+01,-1.389662742614746094e+01,-1.563102149963378906e+01,3.207999420166015625e+01
-1.138548374176025391e+01,-7.415145397186279297e+00,3.423882293701171875e+01,-1.266399955749511719e+01,-1.682790756225585938e+01,2.708412551879882812e+01,-1.400922393798828125e+01,-1.934822654724121094e+01,2.764747047424316406e+01,-1.137772750854492188e+01,-7.360946178436279297e+00,3.442229080200195312e+01,-1.411525154113769531e+01,-1.178705787658691406e+01,3.653444290161132812e+01
-9.827531814575195312e+00,-4.763763904571533203e+00,3.350561523437500000e+01,-1.416975688934326172e+01,-1.541937255859375000e+01,3.302397918701171875e+01,-1.582485771179199219e+01,-1.721851730346679688e+01,3.502287673950195312e+01,-9.638189315795898438e+00,-4.376084327697753906e+00,3.336275482177734375e+01,-1.255100059509277344e+01,-6.180601119995117188e+00,3.791085815429687500e+01
-7.810661315917968750e+00,-2.726949691772460938e+00,3.123567008972167969e+01,-1.411920928955078125e+01,-1.117559623718261719e+01,3.707736587524414062e+01,-1.543879508972167969e+01,-1.015036869049072266e+01,4.079344940185546875e+01,-7.667887210845947266e+00,-2.601996660232543945e+00,3.129057502746582031e+01,-9.812245368957519531e+00,-1.721665620803833008e+00,3.602330017089843750e+01
-6.093823432922363281e+00,-2.062743902206420898e+00,2.877568054199218750e+01,-1.252536773681640625e+01,-5.247827053070068359e+00,3.818384552001953125e+01,-1.275714015960693359e+01,-2.465561151504516602e+00,4.064438629150390625e+01,-5.783578872680664062e+00,-1.798438072204589844e+00,2.861711120605468750e+01,-6.651723384857177734e+00,6.732832193374633789e-01,3.256482696533203125e+01
-4.724252223968505859e+00,-1.938523292541503906e+00,2.615010070800781250e+01,-9.407083511352539062e+00,-1.131175160408020020e+00,3.574771881103515625e+01,-8.277961730957031250e+00,2.754672527313232422e+00,3.649829483032226562e+01,-4.527468681335449219e+00,-1.827795624732971191e+00,2.611521148681640625e+01,-4.054671287536621094e+00,1.388928294181823730e+00,2.901064682006835938e+01
-3.865165710449218750e+00,-2.360974550247192383e+00,2.389413833618164062e+01,-6.102264404296875000e+00,1.028291940689086914e+00,3.230737686157226562e+01,-4.138624668121337891e+00,4.427011013031005859e+00,3.193680953979492188e+01,-3.614923477172851562e+00,-2.198718547821044922e+00,2.372633743286132812e+01,-2.251026868820190430e+00,1.345155477523803711e+00,2.585954856872558594e+01
-3.458977699279785156e+00,-2.959108114242553711e+00,2.173569107055664062e+01,-3.655908584594726562e+00,1.578771829605102539e+00,2.859961700439453125e+01,-1.238892674446105957e+00,4.611072063446044922e+00,2.806964492797851562e+01,-3.268611192703247070e+00,-2.815994977951049805e+00,2.164114952087402344e+01,-1.053921341896057129e+00,1.065875768661499023e+00,2.312905120849609375e+01
-3.383172273635864258e+00,-3.777579784393310547e+00,1.991841506958007812e+01,-1.818311691284179688e+00,1.395869970321655273e+00,2.556550598144531250e+01,6.930025219917297363e-01,4.469373703002929688e+00,2.522922134399414062e+01,-3.212889909744262695e+00,-3.618562698364257812e+00,1.974190139770507812e+01,-4.140841960906982422e-01,8.549066781997680664e-01,2.071421813964843750e+01
-3.677268981933593750e+00,-4.820731639862060547e+00,1.845091247558593750e+01,-7.696679830551147461e-01,1.218873381614685059e+00,2.280641174316406250e+01,1.957326173782348633e+00,4.449290275573730469e+00,2.275362968444824219e+01,-3.483127593994140625e+00,-4.605628490447998047e+00,1.828174591064453125e+01,3.101241774857044220e-03,7.526261806488037109e-01,1.859854125976562500e+01
-4.218892097473144531e+00,-6.158398628234863281e+00,1.732746124267578125e+01,-8.845525979995727539e-02,1.035145163536071777e+00,2.044253730773925781e+01,2.822562694549560547e+00,4.821999549865722656e+00,2.090389823913574219e+01,-4.055131435394287109e+00,-5.880618572235107422e+00,1.704697608947753906e+01,2.090906798839569092e-01,7.087577581405639648e-01,1.668084907531738281e+01
-5.116754531860351562e+00,-7.871594905853271484e+00,1.676337051391601562e+01,2.739227414131164551e-01,1.032442927360534668e+00,1.835374069213867188e+01,3.581020832061767578e+00,5.593276977539062500e+00,1.930479240417480469e+01,-4.885434627532958984e+00,-7.574017524719238281e+00,1.645892524719238281e+01,3.979500234127044678e-01,8.750465512275695801e-01,1.499386405944824219e+01
-6.279811859130859375e+00,-9.966837882995605469e+00,1.678233718872070312e+01,5.239874124526977539e-01,1.185041666030883789e+00,1.641459083557128906e+01,4.332201957702636719e+00,6.792990207672119141e+00,1.820425987243652344e+01,-6.089858055114746094e+00,-9.705621719360351562e+00,1.639002418518066406e+01,5.217219591140747070e-01,1.021748900413513184e+00,1.345227241516113281e+01
-7.929994106292724609e+00,-1.254766368865966797e+01,1.809776496887207031e+01,7.748219370841979980e-01,1.406403660774230957e+00,1.482912540435791016e+01,5.378044128417968750e+00,8.381231307983398438e+00,1.770547294616699219e+01,-7.655017375946044922e+00,-1.225180149078369141e+01,1.753102493286132812e+01,7.294764518737792969e-01,1.407924056053161621e+00,1.212184333801269531e+01
-9.716218948364257812e+00,-1.500177001953125000e+01,2.060597419738769531e+01,1.013019204139709473e+00,1.858530759811401367e+00,1.335695838928222656e+01,6.612753868103027344e+00,1.044096374511718750e+01,1.785339736938476562e+01,-9.538117408752441406e+00,-1.498994445800781250e+01,1.981042480468750000e+01,9.709647297859191895e-01,1.740356683731079102e+00,1.089696693420410156e+01
-1.192062759399414062e+01,-1.688352966308593750e+01,2.515615844726562500e+01,1.374676227569580078e+00,2.441660881042480469e+00,1.208388042449951172e+01,8.181308746337890625e+00,1.273245239257812500e+01,1.923960876464843750e+01,-1.172458457946777344e+01,-1.698341178894042969e+01,2.431668472290039062e+01,1.292971134185791016e+00,2.547341108322143555e+00,9.897737503051757812e+00
-1.375178813934326172e+01,-1.690449142456054688e+01,3.042335128784179688e+01,1.937020301818847656e+00,3.372900485992431641e+00,1.093952941894531250e+01,1.003976631164550781e+01,1.502289104461669922e+01,2.171404457092285156e+01,-1.374281787872314453e+01,-1.714229202270507812e+01,3.000135421752929688e+01,1.781253814697265625e+00,3.369956254959106445e+00,8.906548500061035156e+00
-1.419405460357666016e+01,-1.319714641571044922e+01,3.597566986083984375e+01,2.515341997146606445e+00,4.628156185150146484e+00,1.018824481964111328e+01,1.183719825744628906e+01,1.629255294799804688e+01,2.609353446960449219e+01,-1.439540195465087891e+01,-1.397643089294433594e+01,3.569041442871093750e+01,2.445082426071166992e+00,4.883971691131591797e+00,8.429815292358398438e+00
-1.338842964172363281e+01,-8.252640724182128906e+00,3.797048187255859375e+01,3.576177597045898438e+00,6.645851135253906250e+00,9.824595451354980469e+00,1.345083427429199219e+01,1.560486316680908203e+01,3.132073593139648438e+01,-1.368468761444091797e+01,-8.353969573974609375e+00,3.860400009155273438e+01,3.511509418487548828e+00,6.873350620269775391e+00,8.121933937072753906e+00
-1.036305809020996094e+01,-2.587488174438476562e+00,3.698618698120117188e+01,4.852531433105468750e+00,9.069030761718750000e+00,9.869981765747070312e+00,1.361568832397460938e+01,1.236080455780029297e+01,3.554340362548828125e+01,-1.082413482666015625e+01,-2.851023674011230469e+00,3.759756088256835938e+01,4.901935577392578125e+00,9.666752815246582031e+00,8.542425155639648438e+00
-7.469071865081787109e+00,2.274505794048309326e-01,3.369132614135742188e+01,7.112585544586181641e+00,1.285821056365966797e+01,1.118435955047607422e+01,1.260806465148925781e+01,7.161040306091308594e+00,3.752726745605468750e+01,-7.533777713775634766e+00,5.358804464340209961e-01,3.436956405639648438e+01,7.114146232604980469e+00,1.331160259246826172e+01,9.858962059020996094e+00
-4.272119998931884766e+00,1.390598654747009277e+00,3.003416633605957031e+01,9.387989997863769531e+00,1.690867042541503906e+01,1.419232940673828125e+01,1.006348228454589844e+01,3.016202449798583984e+00,3.601820755004882812e+01,-4.459255695343017578e+00,1.696658730506896973e+00,3.052783966064453125e+01,9.826216697692871094e+00,1.820792961120605469e+01,1.378766536712646484e+01
-2.271843194961547852e+00,1.677953481674194336e+00,2.666963768005371094e+01,1.343958282470703125e+01,2.101654815673828125e+01,2.043348121643066406e+01,7.180107116699218750e+00,2.889270186424255371e-01,3.285628890991210938e+01,-2.178260564804077148e+00,1.921104192733764648e+00,2.720035743713378906e+01,1.363584136962890625e+01,2.187835311889648438e+01,2.191131019592285156e+01
-8.428515195846557617e-01,1.265611052513122559e+00,2.393536758422851562e+01,1.586895561218261719e+01,2.247445678710937500e+01,3.002894783020019531e+01,4.753544807434082031e+00,-5.450110435485839844e-01,2.960753250122070312e+01,-7.928123474121093750e-01,1.638989925384521484e+00,2.426288223266601562e+01,1.679032516479492188e+01,2.336136627197265625e+01,3.207424926757812500e+01
-1.569247245788574219e-01,1.301811933517456055e+00,2.145875167846679688e+01,1.691364479064941406e+01,1.848206520080566406e+01,4.004956817626953125e+01,2.888170242309570312e+00,-6.197196245193481445e-01,2.644862937927246094e+01,6.258481740951538086e-02,1.629581212997436523e+00,2.170562744140625000e+01,1.854923629760742188e+01,1.718037796020507812e+01,4.297326278686523438e+01
5.073469281196594238e-01,1.143440961837768555e+00,1.926934242248535156e+01,1.614236831665039062e+01,6.453638553619384766e+00,4.542691421508789062e+01,1.830727100372314453e+00,-3.370096087455749512e-01,2.371652603149414062e+01,6.480453014373779297e-01,1.538484334945678711e+00,1.954070472717285156e+01,1.591442489624023438e+01,3.620925188064575195e+00,4.680852508544921875e+01
7.510656118392944336e-01,1.400520801544189453e+00,1.730973434448242188e+01,9.651080131530761719e+00,-4.096304893493652344e+00,4.256470489501953125e+01,1.067904114723205566e+00,-4.446926712989807129e-02,2.117802619934082031e+01,1.003816246986389160e+00,1.792303442955017090e+00,1.758746528625488281e+01,1.140645790100097656e+01,-7.165541648864746094e+00,4.281282806396484375e+01
1.127575039863586426e+00,1.718418478965759277e+00,1.560406780242919922e+01,5.520639419555664062e+00,-7.600531578063964844e+00,3.607237243652343750e+01,8.572505712509155273e-01,3.004137873649597168e-01,1.909711265563964844e+01,1.372462630271911621e+00,2.210561275482177734e+00,1.587232208251953125e+01,3.955082654953002930e+00,-9.416217803955078125e+00,3.533876419067382812e+01
1.424694299697875977e+00,2.186103105545043945e+00,1.400223350524902344e+01,7.799226045608520508e-01,-8.807252883911132812e+00,3.133706092834472656e+01,6.573299169540405273e-01,6.279221773147583008e-01,1.711450386047363281e+01,1.811025619506835938e+00,2.884730815887451172e+00,1.435442161560058594e+01,-6.879739761352539062e-01,-9.226878166198730469e+00,3.110321426391601562e+01
1.819177985191345215e+00,3.083760976791381836e+00,1.280768775939941406e+01,-2.219949007034301758e+00,-7.926194190979003906e+00,2.820365333557128906e+01,7.328116297721862793e-01,8.944628238677978516e-01,1.541437911987304688e+01,2.264983892440795898e+00,3.845882654190063477e+00,1.315597343444824219e+01,-3.663076400756835938e+00,-9.062519073486328125e+00,2.849815940856933594e+01
2.405083894729614258e+00,4.282446861267089844e+00,1.170088863372802734e+01,-4.152210235595703125e+00,-7.506986141204833984e+00,2.632635498046875000e+01,8.472660779953002930e-01,1.227018117904663086e+00,1.388496112823486328e+01,2.922916412353515625e+00,5.360379219055175781e+00,1.215191173553466797e+01,-5.382725715637207031e+00,-8.653413772583007812e+00,2.717185401916503906e+01
3.176626920700073242e+00,5.770104885101318359e+00,1.105153942108154297e+01,-5.353765010833740234e+00,-7.824673175811767578e+00,2.490975379943847656e+01,1.052762269973754883e+00,1.737012386322021484e+00,1.249483585357666016e+01,3.971478939056396484e+00,7.096506595611572266e+00,1.173383808135986328e+01,-6.542895793914794922e+00,-8.680723190307617188e+00,2.628657722473144531e+01
