4.069988131523132324e-01,3.860091567039489746e-01,8.783608675003051758e-01,1.971972435712814331e-01,3.405734896659851074e-01,8.817549943923950195e-01,7.969080209732055664e-01,6.286847591400146484e-01,5.212348699569702148e-01,4.826162457466125488e-01,5.467861890792846680e-01,1.119381636381149292e-01,4.785520434379577637e-01,5.681510567665100098e-01,1.978205740451812744e-01
5.378318428993225098e-01,6.395573616027832031e-01,8.212460279464721680e-01,2.615607380867004395e-01,6.845376491546630859e-01,8.203756213188171387e-01,8.849362730979919434e-01,1.390099048614501953e+00,4.988782703876495361e-01,4.658697247505187988e-01,1.002069950103759766e+00,1.039814129471778870e-01,5.547970533370971680e-01,1.347041130065917969e+00,1.783667206764221191e-01
6.305140256881713867e-01,1.243993282318115234e+00,7.374654412269592285e-01,4.773893356323242188e-01,1.005653142929077148e+00,7.321187853813171387e-01,1.185402631759643555e+00,2.423346996307373047e+00,5.165492296218872070e-01,7.476776838302612305e-01,1.593705534934997559e+00,1.243655458092689514e-01,9.429852366447448730e-01,2.005364656448364258e+00,2.148592919111251831e-01
9.556677341461181641e-01,1.985216259956359863e+00,7.224842309951782227e-01,7.268848419189453125e-01,1.562680482864379883e+00,6.959498524665832520e-01,1.797052264213562012e+00,3.815732955932617188e+00,6.203284263610839844e-01,1.145414471626281738e+00,2.470160961151123047e+00,1.716191917657852173e-01,1.454051494598388672e+00,3.169171094894409180e+00,2.867697775363922119e-01
1.473634243011474609e+00,3.118819236755371094e+00,7.364903092384338379e-01,1.151921987533569336e+00,2.480127811431884766e+00,6.792276501655578613e-01,2.782169342041015625e+00,5.951259136199951172e+00,9.246532320976257324e-01,1.802700281143188477e+00,3.901760101318359375e+00,3.175119757652282715e-01,2.272155046463012695e+00,4.946936607360839844e+00,5.172550082206726074e-01
2.271343946456909180e+00,4.862963676452636719e+00,9.302406907081604004e-01,1.787260413169860840e+00,3.807083845138549805e+00,7.730353474617004395e-01,4.298401832580566406e+00,9.202917098999023438e+00,1.756001591682434082e+00,2.814322710037231445e+00,6.049561023712158203e+00,6.691711544990539551e-01,3.555951595306396484e+00,7.664652347564697266e+00,1.087948203086853027e+00
3.504954099655151367e+00,7.532965183258056641e+00,1.427142143249511719e+00,2.808786869049072266e+00,6.014485359191894531e+00,1.085141420364379883e+00,6.601497650146484375e+00,1.397417163848876953e+01,3.778011322021484375e+00,4.415179252624511719e+00,9.498026847839355469e+00,1.527585506439208984e+00,5.497487545013427734e+00,1.178502750396728516e+01,2.491335630416870117e+00
5.460399150848388672e+00,1.155480861663818359e+01,2.767141580581665039e+00,4.354053020477294922e+00,9.200949668884277344e+00,1.885532855987548828e+00,1.004799461364746094e+01,2.041841316223144531e+01,8.349469184875488281e+00,6.816528797149658203e+00,1.432363033294677734e+01,3.668067455291748047e+00,8.472012519836425781e+00,1.760079002380371094e+01,5.774868965148925781e+00
8.316846847534179688e+00,1.722233390808105469e+01,5.964584827423095703e+00,6.749227046966552734e+00,1.416674995422363281e+01,3.932990312576293945e+00,1.464676380157470703e+01,2.700519752502441406e+01,1.813447761535644531e+01,1.046617507934570312e+01,2.117630958557128906e+01,8.574563980102539062e+00,1.259466361999511719e+01,2.455572891235351562e+01,1.313655853271484375e+01
1.245809173583984375e+01,2.417383384704589844e+01,1.290799331665039062e+01,1.025233268737792969e+01,2.053495025634765625e+01,8.602198600769042969e+00,1.947908401489257812e+01,2.859596443176269531e+01,3.429700851440429688e+01,1.514864921569824219e+01,2.767072677612304688e+01,1.882062339782714844e+01,1.766443824768066406e+01,2.936269378662109375e+01,2.681900787353515625e+01
1.737450599670410156e+01,2.907836341857910156e+01,2.617360305786132812e+01,1.494136047363281250e+01,2.739938354492187500e+01,1.893006134033203125e+01,2.149310874938964844e+01,1.719886589050292969e+01,5.143159866333007812e+01,2.001232528686523438e+01,2.844216918945312500e+01,3.618994903564453125e+01,2.135891151428222656e+01,2.388129997253417969e+01,4.535303497314453125e+01
2.122931671142578125e+01,2.385843086242675781e+01,4.422182846069335938e+01,1.982203292846679688e+01,2.832435417175292969e+01,3.512009429931640625e+01,1.704032897949218750e+01,-3.894954681396484375e+00,5.256208801269531250e+01,2.169002151489257812e+01,1.496472549438476562e+01,5.202554321289062500e+01,1.981428337097167969e+01,4.186480522155761719e+00,5.432823562622070312e+01
2.010504150390625000e+01,5.558084487915039062e+00,5.389768218994140625e+01,2.138703155517578125e+01,1.524184608459472656e+01,5.236308670043945312e+01,8.122697830200195312e+00,-1.540228843688964844e+01,4.230459594726562500e+01,1.651525878906250000e+01,-6.516916751861572266e+00,5.204353713989257812e+01,1.202251911163330078e+01,-1.284461688995361328e+01,4.705659103393554688e+01
1.221986770629882812e+01,-1.181476306915283203e+01,4.731195831298828125e+01,1.669218826293945312e+01,-5.005078792572021484e+00,5.215102005004882812e+01,-3.362779319286346436e-01,-1.709579467773437500e+01,3.537108612060546875e+01,7.022946834564208984e+00,-1.648792076110839844e+01,4.161446762084960938e+01,2.619303464889526367e+00,-1.736545181274414062e+01,3.759018707275390625e+01
3.207635402679443359e+00,-1.683275222778320312e+01,3.808446502685546875e+01,7.241265296936035156e+00,-1.586678028106689453e+01,4.154181671142578125e+01,-5.864995002746582031e+00,-1.582591819763183594e+01,3.348526382446289062e+01,-1.303988814353942871e+00,-1.756132507324218750e+01,3.498369216918945312e+01,-4.065371990203857422e+00,-1.672387313842773438e+01,3.384920501708984375e+01
-3.830964803695678711e+00,-1.638381004333496094e+01,3.385649871826171875e+01,-9.610723853111267090e-01,-1.709602546691894531e+01,3.516716003417968750e+01,-9.014780044555664062e+00,-1.357016849517822266e+01,3.419065093994140625e+01,-6.754292488098144531e+00,-1.602056312561035156e+01,3.376190185546875000e+01,-8.254875183105468750e+00,-1.472210979461669922e+01,3.404035568237304688e+01
-7.920519351959228516e+00,-1.455308723449707031e+01,3.386605834960937500e+01,-6.520702362060546875e+00,-1.563433551788330078e+01,3.368125534057617188e+01,-1.023079395294189453e+01,-1.061937904357910156e+01,3.529208374023437500e+01,-9.672876358032226562e+00,-1.342182731628417969e+01,3.489393615722656250e+01,-1.012094116210937500e+01,-1.184247779846191406e+01,3.530912017822265625e+01
-9.909251213073730469e+00,-1.177843189239501953e+01,3.487802886962890625e+01,-9.384605407714843750e+00,-1.323636245727539062e+01,3.456447982788085938e+01,-9.901430130004882812e+00,-7.134254455566406250e+00,3.526932525634765625e+01,-1.059773921966552734e+01,-9.908350944519042969e+00,3.611106491088867188e+01,-1.027892684936523438e+01,-8.218770027160644531e+00,3.584488677978515625e+01
-1.016595172882080078e+01,-8.413407325744628906e+00,3.552509307861328125e+01,-1.040492820739746094e+01,-9.799186706542968750e+00,3.565037155151367188e+01,-8.603632926940917969e+00,-4.376325607299804688e+00,3.380682754516601562e+01,-9.898602485656738281e+00,-6.150665760040283203e+00,3.578054046630859375e+01,-9.208782196044921875e+00,-4.956633567810058594e+00,3.481775665283203125e+01
-9.181967735290527344e+00,-5.331126689910888672e+00,3.450559997558593750e+01,-9.833531379699707031e+00,-6.496372222900390625e+00,3.534951782226562500e+01,-6.909672737121582031e+00,-2.556270837783813477e+00,3.146191215515136719e+01,-8.284440040588378906e+00,-3.264941930770874023e+00,3.393278121948242188e+01,-7.421297550201416016e+00,-2.698765039443969727e+00,3.255723953247070312e+01
-7.581355094909667969e+00,-3.111121654510498047e+00,3.249060821533203125e+01,-8.235280990600585938e+00,-3.662230253219604492e+00,3.356410217285156250e+01,-5.370789527893066406e+00,-1.852177262306213379e+00,2.875297164916992188e+01,-6.369686603546142578e+00,-1.627996444702148438e+00,3.121672439575195312e+01,-5.715691566467285156e+00,-1.641371726989746094e+00,2.985217857360839844e+01
-5.916119098663330078e+00,-2.064999341964721680e+00,2.982331275939941406e+01,-6.563089847564697266e+00,-2.144537210464477539e+00,3.110773277282714844e+01,-4.163295745849609375e+00,-1.795491933822631836e+00,2.615945434570312500e+01,-4.707593917846679688e+00,-1.096250891685485840e+00,2.831041717529296875e+01,-4.280709266662597656e+00,-1.412621140480041504e+00,2.704171943664550781e+01
-4.572776317596435547e+00,-1.792930603027343750e+00,2.719036483764648438e+01,-4.904036521911621094e+00,-1.559723019599914551e+00,2.821998977661132812e+01,-3.450033903121948242e+00,-2.137791872024536133e+00,2.375261878967285156e+01,-3.517572402954101562e+00,-1.180711030960083008e+00,2.555022048950195312e+01,-3.364252090454101562e+00,-1.646304368972778320e+00,2.450861740112304688e+01
-3.664759159088134766e+00,-2.018765926361083984e+00,2.467795944213867188e+01,-3.838650465011596680e+00,-1.610775947570800781e+00,2.570937538146972656e+01,-3.082431554794311523e+00,-2.704479217529296875e+00,2.161783790588378906e+01,-2.787477970123291016e+00,-1.538160562515258789e+00,2.312143135070800781e+01,-2.851666212081909180e+00,-2.120753526687622070e+00,2.219843101501464844e+01
-3.183113574981689453e+00,-2.503370046615600586e+00,2.245468711853027344e+01,-3.113066196441650391e+00,-2.019017219543457031e+00,2.324487686157226562e+01,-3.081325531005859375e+00,-3.448853015899658203e+00,1.974923706054687500e+01,-2.470793485641479492e+00,-2.057477474212646484e+00,2.089963531494140625e+01,-2.713991641998291016e+00,-2.752756357192993164e+00,2.019311141967773438e+01
-3.059136867523193359e+00,-3.181217908859252930e+00,2.046734809875488281e+01,-2.857597112655639648e+00,-2.565336227416992188e+00,2.117542839050292969e+01,-3.351360082626342773e+00,-4.421345233917236328e+00,1.819023323059082031e+01,-2.446669340133666992e+00,-2.738577127456665039e+00,1.899868011474609375e+01,-2.849908351898193359e+00,-3.566048622131347656e+00,1.842782211303710938e+01
-3.227238893508911133e+00,-4.064735412597656250e+00,1.878707313537597656e+01,-2.879885435104370117e+00,-3.336542606353759766e+00,1.927077865600585938e+01,-3.907634019851684570e+00,-5.665133476257324219e+00,1.698652648925781250e+01,-2.700374841690063477e+00,-3.594245433807373047e+00,1.733882331848144531e+01,-3.256886243820190430e+00,-4.612157821655273438e+00,1.702342414855957031e+01
-3.694174528121948242e+00,-5.202303409576416016e+00,1.744688034057617188e+01,-3.197541475296020508e+00,-4.275177001953125000e+00,1.775699806213378906e+01,-4.756933689117431641e+00,-7.337881565093994141e+00,1.627053642272949219e+01,-3.186131238937377930e+00,-4.710621356964111328e+00,1.601065254211425781e+01,-3.929980516433715820e+00,-6.011458396911621094e+00,1.594168472290039062e+01
-4.444867610931396484e+00,-6.719515800476074219e+00,1.654214668273925781e+01,-3.798337936401367188e+00,-5.556375503540039062e+00,1.652567863464355469e+01,-5.968242645263671875e+00,-9.436615943908691406e+00,1.623552513122558594e+01,-3.972092390060424805e+00,-6.218520164489746094e+00,1.505042076110839844e+01,-4.910436153411865234e+00,-7.820272922515869141e+00,1.543528747558593750e+01
-5.509130954742431641e+00,-8.648302078247070312e+00,1.621966171264648438e+01,-4.663066387176513672e+00,-7.222326755523681641e+00,1.583232879638671875e+01,-7.538084030151367188e+00,-1.203871345520019531e+01,1.718917083740234375e+01,-5.050107479095458984e+00,-8.212713241577148438e+00,1.469023704528808594e+01,-6.272511005401611328e+00,-1.021362304687500000e+01,1.565067005157470703e+01
-6.966681480407714844e+00,-1.110636520385742188e+01,1.682177352905273438e+01,-5.935493946075439453e+00,-9.440282821655273438e+00,1.581084251403808594e+01,-9.548799514770507812e+00,-1.478120136260986328e+01,1.965937423706054688e+01,-6.570768833160400391e+00,-1.083149242401123047e+01,1.523433971405029297e+01,-8.049528121948242188e+00,-1.303792762756347656e+01,1.706863021850585938e+01
-8.807492256164550781e+00,-1.382435989379882812e+01,1.863007736206054688e+01,-7.556143760681152344e+00,-1.207931613922119141e+01,1.678202438354492188e+01,-1.172771167755126953e+01,-1.702683258056640625e+01,2.388504028320312500e+01,-8.523130416870117188e+00,-1.387444496154785156e+01,1.696516990661621094e+01,-1.024500083923339844e+01,-1.598173332214355469e+01,2.016954231262207031e+01
-1.096266746520996094e+01,-1.632328224182128906e+01,2.231179237365722656e+01,-9.621026992797851562e+00,-1.501472759246826172e+01,1.940382957458496094e+01,-1.373966217041015625e+01,-1.725520324707031250e+01,3.001542282104492188e+01,-1.094119739532470703e+01,-1.698111724853515625e+01,2.084924697875976562e+01,-1.263326835632324219e+01,-1.797088623046875000e+01,2.535525894165039062e+01
-1.312241268157958984e+01,-1.745673561096191406e+01,2.765757369995117188e+01,-1.197058773040771484e+01,-1.733980369567871094e+01,2.380638313293457031e+01,-1.470600986480712891e+01,-1.426854991912841797e+01,3.570561599731445312e+01,-1.342290592193603516e+01,-1.864720153808593750e+01,2.672190856933593750e+01,-1.454094791412353516e+01,-1.730547904968261719e+01,3.203321456909179688e+01
-1.451763439178466797e+01,-1.570478057861328125e+01,3.380767059326171875e+01,-1.403755474090576172e+01,-1.761733627319335938e+01,3.030228614807128906e+01,-1.385035133361816406e+01,-8.355608940124511719e+00,3.897563552856445312e+01,-1.529536437988281250e+01,-1.706746292114257812e+01,3.378836441040039062e+01,-1.510463142395019531e+01,-1.280512714385986328e+01,3.783552551269531250e+01
-1.439055252075195312e+01,-1.056422424316406250e+01,3.818719863891601562e+01,-1.507531261444091797e+01,-1.424636745452880859e+01,3.630390167236328125e+01,-1.124169063568115234e+01,-2.564970731735229492e+00,3.794356918334960938e+01,-1.530700683593750000e+01,-1.125702285766601562e+01,3.950064849853515625e+01,-1.346644210815429688e+01,-6.037090301513671875e+00,3.976010131835937500e+01
-1.226582241058349609e+01,-4.415438652038574219e+00,3.873066329956054688e+01,-1.405581092834472656e+01,-7.895108699798583984e+00,3.938754272460937500e+01,-7.815709590911865234e+00,1.036288380622863770e+00,3.443654251098632812e+01,-1.300600910186767578e+01,-3.724829196929931641e+00,4.012815856933593750e+01,-1.020490837097167969e+01,-2.865376472473144531e-01,3.738103103637695312e+01
-8.944298744201660156e+00,5.110539868474006653e-02,3.574750518798828125e+01,-1.115283870697021484e+01,-1.805370926856994629e+00,3.817093276977539062e+01,-4.619719028472900391e+00,2.276174306869506836e+00,3.054702377319335938e+01,-9.095362663269042969e+00,1.438674449920654297e+00,3.681800460815429688e+01,-6.391629695892333984e+00,2.414513587951660156e+00,3.336278533935546875e+01
-5.553679466247558594e+00,1.983738183975219727e+00,3.184457397460937500e+01,-7.419101715087890625e+00,1.730096101760864258e+00,3.423860549926757812e+01,-2.255051374435424805e+00,2.396225214004516602e+00,2.706101417541503906e+01,-5.159162998199462891e+00,3.614310741424560547e+00,3.234973144531250000e+01,-3.242935895919799805e+00,3.157533884048461914e+00,2.942148971557617188e+01
-2.923162221908569336e+00,2.357903718948364258e+00,2.818953132629394531e+01,-4.114233493804931641e+00,2.840626955032348633e+00,3.034584617614746094e+01,-7.332970499992370605e-01,2.173721551895141602e+00,2.416470146179199219e+01,-2.122690439224243164e+00,3.897084712982177734e+00,2.848290824890136719e+01,-1.103284120559692383e+00,3.042940139770507812e+00,2.610343170166015625e+01
-1.158173203468322754e+00,2.193293094635009766e+00,2.512021064758300781e+01,-1.739529371261596680e+00,2.862575292587280273e+00,2.681281471252441406e+01,2.391677200794219971e-01,2.041702747344970703e+00,2.164108848571777344e+01,-9.199990332126617432e-02,3.742844820022583008e+00,2.537094688415527344e+01,2.971546053886413574e-01,2.877770900726318359e+00,2.337811088562011719e+01
-2.039708569645881653e-02,2.015135288238525391e+00,2.247911262512207031e+01,-1.616000831127166748e-01,2.685076951980590820e+00,2.401864624023437500e+01,8.483509421348571777e-01,2.093008279800415039e+00,1.947948265075683594e+01,1.208188056945800781e+00,3.654881715774536133e+00,2.283914756774902344e+01,1.171534299850463867e+00,2.908794164657592773e+00,2.104552650451660156e+01
6.772887706756591797e-01,2.021199464797973633e+00,2.022162055969238281e+01,8.320867419242858887e-01,2.628605604171752930e+00,2.156117630004882812e+01,1.325342535972595215e+00,2.394617557525634766e+00,1.758622360229492188e+01,2.104185581207275391e+00,3.878009319305419922e+00,2.070769119262695312e+01,1.803629517555236816e+00,3.238585948944091797e+00,1.906850814819335938e+01
1.170903325080871582e+00,2.228132486343383789e+00,1.819685363769531250e+01,1.477462649345397949e+00,2.842775344848632812e+00,1.948302078247070312e+01,1.768484830856323242e+00,2.946206808090209961e+00,1.591834259033203125e+01,2.790127515792846680e+00,4.475331783294677734e+00,1.897021675109863281e+01,2.392653942108154297e+00,3.876650571823120117e+00,1.737282371520996094e+01
1.600448369979858398e+00,2.714704036712646484e+00,1.648207473754882812e+01,2.038119792938232422e+00,3.353347063064575195e+00,1.764355278015136719e+01,2.308667182922363281e+00,3.813971757888793945e+00,1.454281806945800781e+01,3.519955873489379883e+00,5.462154865264892578e+00,1.758340072631835938e+01,3.065751791000366211e+00,4.898601055145263672e+00,1.604570007324218750e+01
2.096921920776367188e+00,3.443238258361816406e+00,1.497322750091552734e+01,2.619312047958374023e+00,4.183798789978027344e+00,1.618699455261230469e+01,3.002999305725097656e+00,5.056393623352050781e+00,1.346375751495361328e+01,4.398325920104980469e+00,6.874773025512695312e+00,1.667530822753906250e+01,3.887741088867187500e+00,6.325624465942382812e+00,1.507943820953369141e+01
2.752735376358032227e+00,4.555499076843261719e+00,1.383276176452636719e+01,3.357636213302612305e+00,5.411181449890136719e+00,1.500290870666503906e+01,3.977685213088989258e+00,6.839668273925781250e+00,1.288642311096191406e+01,5.553706169128417969e+00,8.744880676269531250e+00,1.637964820861816406e+01,5.013273715972900391e+00,8.324464797973632812e+00,1.474141216278076172e+01
3.589045047760009766e+00,6.107157707214355469e+00,1.296976089477539062e+01,4.336050510406494141e+00,7.138013362884521484e+00,1.436568260192871094e+01,5.294230937957763672e+00,9.206679344177246094e+00,1.282485103607177734e+01,7.026065826416015625e+00,1.118329524993896484e+01,1.696249389648437500e+01,6.513072013854980469e+00,1.085005474090576172e+01,1.517405033111572266e+01
4.794481754302978516e+00,8.291100502014160156e+00,1.270317268371582031e+01,5.652836799621582031e+00,9.461003303527832031e+00,1.434918403625488281e+01,7.104065895080566406e+00,1.235099983215332031e+01,1.395982551574707031e+01,8.927625656127929688e+00,1.389623069763183594e+01,1.897130775451660156e+01,8.492179870605468750e+00,1.393193531036376953e+01,1.698233413696289062e+01
6.415274143218994141e+00,1.113573360443115234e+01,1.334062957763671875e+01,7.443581104278564453e+00,1.238044834136962891e+01,1.547275829315185547e+01,9.452959060668945312e+00,1.595623779296875000e+01,1.667902565002441406e+01,1.106480216979980469e+01,1.635630989074707031e+01,2.250608444213867188e+01,1.082573223114013672e+01,1.693543243408203125e+01,2.067225074768066406e+01
8.600206375122070312e+00,1.464754962921142578e+01,1.551997661590576172e+01,9.663011550903320312e+00,1.569457054138183594e+01,1.814855766296386719e+01,1.225760269165039062e+01,1.926704978942871094e+01,2.217930984497070312e+01,1.321751880645751953e+01,1.735825347900390625e+01,2.806961631774902344e+01,1.335058879852294922e+01,1.863336181640625000e+01,2.669852256774902344e+01
1.127731609344482422e+01,1.823816490173339844e+01,1.980680465698242188e+01,1.229944419860839844e+01,1.838914108276367188e+01,2.330112457275390625e+01,1.496112155914306641e+01,2.007451629638671875e+01,2.991390800476074219e+01,1.457561588287353516e+01,1.538768196105957031e+01,3.403292465209960938e+01,1.512518978118896484e+01,1.713219642639160156e+01,3.385071945190429688e+01
1.414461040496826172e+01,2.029484176635742188e+01,2.697232627868652344e+01,1.468783760070800781e+01,1.880456161499023438e+01,3.019516372680664062e+01,1.640490531921386719e+01,1.609631919860839844e+01,3.831197738647460938e+01,1.435223674774169922e+01,1.044369888305664062e+01,3.844031143188476562e+01,1.529628944396972656e+01,1.152701854705810547e+01,3.947414398193359375e+01
1.617903327941894531e+01,1.805527305603027344e+01,3.563383865356445312e+01,1.579546546936035156e+01,1.471824550628662109e+01,3.765240097045898438e+01,1.525400447845458984e+01,7.535187244415283203e+00,4.242926025390625000e+01,1.221991634368896484e+01,4.113806724548339844e+00,3.844507598876953125e+01,1.298647880554199219e+01,4.112774848937988281e+00,4.019306945800781250e+01
1.594630241394042969e+01,1.085826969146728516e+01,4.186420440673828125e+01,1.455442523956298828e+01,7.353734016418457031e+00,4.099841308593750000e+01,1.150681400299072266e+01,-6.385518312454223633e-01,4.040503692626953125e+01,8.862787246704101562e+00,-2.494296729564666748e-01,3.545847320556640625e+01,9.206659317016601562e+00,-1.236784696578979492e+00,3.702543258666992188e+01
1.295871353149414062e+01,1.827563285827636719e+00,4.168719863891601562e+01,1.109743976593017578e+01,2.775858342647552490e-01,3.906861114501953125e+01,6.723948478698730469e+00,-4.626178264617919922e+00,3.544562149047851562e+01,5.556861877441406250e+00,-2.030556201934814453e+00,3.157627677917480469e+01,5.312808036804199219e+00,-3.405904293060302734e+00,3.252926635742187500e+01
8.341272354125976562e+00,-3.662186145782470703e+00,3.704253768920898438e+01,6.957112789154052734e+00,-3.232630491256713867e+00,3.471838378906250000e+01,2.702842235565185547e+00,-5.597565174102783203e+00,3.086509323120117188e+01,2.875642299652099609e+00,-2.294729948043823242e+00,2.791428184509277344e+01,2.295317888259887695e+00,-3.802959918975830078e+00,2.864044189453125000e+01
3.853933811187744141e+00,-5.496382713317871094e+00,3.228826522827148438e+01,3.197815895080566406e+00,-4.288024425506591797e+00,3.029192924499511719e+01,-1.553302109241485596e-01,-5.528427600860595703e+00,2.733864402770996094e+01,1.162365794181823730e+00,-2.182419538497924805e+00,2.489858627319335938e+01,2.427090853452682495e-01,-3.629770278930664062e+00,2.549103546142578125e+01
6.271846890449523926e-01,-5.559456348419189453e+00,2.838224792480468750e+01,7.038944959640502930e-01,-4.214352607727050781e+00,2.695441246032714844e+01,-1.937083601951599121e+00,-5.375064849853515625e+00,2.469835853576660156e+01,-3.506327047944068909e-03,-2.013706922531127930e+00,2.222865486145019531e+01,-1.074338555335998535e+00,-3.532877683639526367e+00,2.291962814331054688e+01
-1.500419735908508301e+00,-5.401750087738037109e+00,2.558440589904785156e+01,-1.026785731315612793e+00,-4.079808235168457031e+00,2.409573745727539062e+01,-3.160081148147583008e+00,-5.576699256896972656e+00,2.270734977722167969e+01,-6.622544527053833008e-01,-1.983337402343750000e+00,2.002514076232910156e+01,-1.932182073593139648e+00,-3.735009431838989258e+00,2.076691436767578125e+01
-2.855389118194580078e+00,-5.460376739501953125e+00,2.332713890075683594e+01,-2.076881170272827148e+00,-4.194970130920410156e+00,2.195446777343750000e+01,-4.065819740295410156e+00,-6.165078163146972656e+00,2.117593765258789062e+01,-1.171606063842773438e+00,-2.211905002593994141e+00,1.802613067626953125e+01,-2.644438982009887695e+00,-4.303485870361328125e+00,1.900586509704589844e+01
-3.823273420333862305e+00,-5.929730892181396484e+00,2.169399452209472656e+01,-2.917335271835327148e+00,-4.698481559753417969e+00,2.002716445922851562e+01,-4.941947460174560547e+00,-7.201269626617431641e+00,2.010336875915527344e+01,-1.616129517555236816e+00,-2.680490493774414062e+00,1.631492424011230469e+01,-3.331255435943603516e+00,-5.207417011260986328e+00,1.754096603393554688e+01
-4.696897506713867188e+00,-6.802026271820068359e+00,2.042969131469726562e+01,-3.687089204788208008e+00,-5.581817150115966797e+00,1.864804649353027344e+01,-5.924281120300292969e+00,-8.611986160278320312e+00,1.957028770446777344e+01,-2.139088153839111328e+00,-3.423979520797729492e+00,1.488941669464111328e+01,-4.207894325256347656e+00,-6.596408843994140625e+00,1.662958908081054688e+01
-5.614632606506347656e+00,-8.098202705383300781e+00,1.978022575378417969e+01,-4.561976909637451172e+00,-6.925117969512939453e+00,1.762647247314453125e+01,-7.109970092773437500e+00,-1.036739635467529297e+01,1.988029861450195312e+01,-2.776330947875976562e+00,-4.576832294464111328e+00,1.367740535736083984e+01,-5.264802455902099609e+00,-8.403862953186035156e+00,1.612187194824218750e+01
-6.716834068298339844e+00,-9.747777938842773438e+00,1.975889015197753906e+01,-5.629038810729980469e+00,-8.691640853881835938e+00,1.735999679565429688e+01,-8.541862487792968750e+00,-1.229398918151855469e+01,2.112834167480468750e+01,-3.666677951812744141e+00,-6.242790699005126953e+00,1.294852638244628906e+01,-6.744409084320068359e+00,-1.085974216461181641e+01,1.664450263977050781e+01
-8.071965217590332031e+00,-1.162396621704101562e+01,2.065706634521484375e+01,-7.092367172241210938e+00,-1.095905303955078125e+01,1.778052139282226562e+01,-1.010437679290771484e+01,-1.397114276885986328e+01,2.350061988830566406e+01,-4.904676914215087891e+00,-8.406890869140625000e+00,1.268195533752441406e+01,-8.506690979003906250e+00,-1.349589443206787109e+01,1.819099617004394531e+01
-9.646129608154296875e+00,-1.344605445861816406e+01,2.261216735839843750e+01,-8.778902053833007812e+00,-1.341722679138183594e+01,1.954231262207031250e+01,-1.166822910308837891e+01,-1.479917430877685547e+01,2.707087707519531250e+01,-6.630880832672119141e+00,-1.138801288604736328e+01,1.333758354187011719e+01,-1.073866462707519531e+01,-1.616876792907714844e+01,2.173574447631835938e+01
-1.119297790527343750e+01,-1.459424972534179688e+01,2.582394409179687500e+01,-1.087925720214843750e+01,-1.570415019989013672e+01,2.284734725952148438e+01,-1.270454978942871094e+01,-1.392055130004882812e+01,3.103002357482910156e+01,-8.839284896850585938e+00,-1.494592189788818359e+01,1.567026996612548828e+01,-1.285319423675537109e+01,-1.754348182678222656e+01,2.679813957214355469e+01
-1.248292732238769531e+01,-1.434275341033935547e+01,2.967416763305664062e+01,-1.278127098083496094e+01,-1.660410690307617188e+01,2.769526100158691406e+01,-1.288737010955810547e+01,-1.114002418518066406e+01,3.437313842773437500e+01,-1.168883132934570312e+01,-1.871899223327636719e+01,2.014397811889648438e+01,-1.448706245422363281e+01,-1.617693519592285156e+01,3.338324737548828125e+01
-1.294962787628173828e+01,-1.214315795898437500e+01,3.339119338989257812e+01,-1.412041568756103516e+01,-1.493777465820312500e+01,3.328190994262695312e+01,-1.183120059967041016e+01,-7.301843166351318359e+00,3.544753646850585938e+01,-1.444424057006835938e+01,-2.026754570007324219e+01,2.772401428222656250e+01,-1.455712413787841797e+01,-1.145390319824218750e+01,3.788499832153320312e+01
-1.228011035919189453e+01,-8.688488960266113281e+00,3.534853363037109375e+01,-1.392639732360839844e+01,-1.067133522033691406e+01,3.703754425048828125e+01,-9.848007202148437500e+00,-3.850600004196166992e+00,3.423825073242187500e+01,-1.648463058471679688e+01,-1.795469284057617188e+01,3.626543045043945312e+01,-1.267417812347412109e+01,-5.027299404144287109e+00,3.883515167236328125e+01
-1.052720642089843750e+01,-4.802757740020751953e+00,3.484466934204101562e+01,-1.210304641723632812e+01,-4.946904659271240234e+00,3.766857528686523438e+01,-7.560515880584716797e+00,-1.743423461914062500e+00,3.186235427856445312e+01,-1.590200901031494141e+01,-9.745020866394042969e+00,4.209651947021484375e+01,-9.455455780029296875e+00,-3.317191302776336670e-01,3.633126068115234375e+01
-8.264207839965820312e+00,-2.291296005249023438e+00,3.287218093872070312e+01,-9.215261459350585938e+00,-1.076711654663085938e+00,3.535227584838867188e+01,-5.449422359466552734e+00,-9.059055447578430176e-01,2.883773231506347656e+01,-1.310516357421875000e+01,-1.203222513198852539e+00,4.146228027343750000e+01,-5.902156352996826172e+00,1.949871063232421875e+00,3.227072143554687500e+01
-6.024851322174072266e+00,-1.110391736030578613e+00,2.982117271423339844e+01,-6.035270214080810547e+00,1.033143639564514160e+00,3.161140060424804688e+01,-3.971517324447631836e+00,-8.944017887115478516e-01,2.614702987670898438e+01,-7.814561843872070312e+00,4.131291389465332031e+00,3.669813919067382812e+01,-3.243545055389404297e+00,2.454104900360107422e+00,2.867912292480468750e+01
-4.306897163391113281e+00,-9.173856973648071289e-01,2.701839065551757812e+01,-3.622921705245971680e+00,1.449057817459106445e+00,2.819784927368164062e+01,-2.952769279479980469e+00,-1.234421133995056152e+00,2.357284927368164062e+01,-3.697330951690673828e+00,5.586589813232421875e+00,3.214409255981445312e+01,-1.298468232154846191e+00,2.305909633636474609e+00,2.546718406677246094e+01
-3.178299903869628906e+00,-1.162165164947509766e+00,2.434564590454101562e+01,-1.878866553306579590e+00,1.309674143791198730e+00,2.508889770507812500e+01,-2.480492591857910156e+00,-1.770803928375244141e+00,2.133798980712890625e+01,-3.229728043079376221e-01,5.677040100097656250e+00,2.808307838439941406e+01,-1.265106648206710815e-01,2.126332044601440430e+00,2.282545661926269531e+01
-2.545685291290283203e+00,-1.646421670913696289e+00,2.202473449707031250e+01,-8.778834342956542969e-01,1.060000658035278320e+00,2.252996063232421875e+01,-2.308117389678955078e+00,-2.398116111755371094e+00,1.930621337890625000e+01,1.742347955703735352e+00,5.463903903961181641e+00,2.529427909851074219e+01,6.356083154678344727e-01,2.067406654357910156e+00,2.051700210571289062e+01
-2.314187288284301758e+00,-2.221155405044555664e+00,1.991679382324218750e+01,-2.278624475002288818e-01,8.595567345619201660e-01,2.012809562683105469e+01,-2.448935747146606445e+00,-3.174158096313476562e+00,1.759701919555664062e+01,2.999579429626464844e+00,5.595671653747558594e+00,2.319594001770019531e+01,1.152776002883911133e+00,2.287587165832519531e+00,1.847038078308105469e+01
-2.340463638305664062e+00,-2.900946378707885742e+00,1.816997146606445312e+01,9.451685845851898193e-02,7.971127033233642578e-01,1.810324096679687500e+01,-2.810292005538940430e+00,-4.134557247161865234e+00,1.613540649414062500e+01,3.875495910644531250e+00,6.141885280609130859e+00,2.146934700012207031e+01,1.594869613647460938e+00,2.709854602813720703e+00,1.673510742187500000e+01
-2.680971622467041016e+00,-3.845229864120483398e+00,1.655347442626953125e+01,3.616563975811004639e-01,8.646460175514221191e-01,1.621900367736816406e+01,-3.437373399734497070e+00,-5.470160484313964844e+00,1.503195953369140625e+01,4.804396152496337891e+00,7.030542373657226562e+00,2.041610145568847656e+01,2.090439796447753906e+00,3.461097955703735352e+00,1.519639587402343750e+01
-3.229758739471435547e+00,-4.989749431610107422e+00,1.533456134796142578e+01,5.216467976570129395e-01,1.069148063659667969e+00,1.463779163360595703e+01,-4.322761058807373047e+00,-7.201292514801025391e+00,1.439755535125732422e+01,5.678246021270751953e+00,8.329053878784179688e+00,1.974530029296875000e+01,2.663695812225341797e+00,4.564117431640625000e+00,1.401096534729003906e+01
-4.054019451141357422e+00,-6.652318000793457031e+00,1.452492713928222656e+01,7.521153092384338379e-01,1.348367333412170410e+00,1.310701274871826172e+01,-5.618124008178710938e+00,-9.520655632019042969e+00,1.439941406250000000e+01,6.858509540557861328e+00,1.000979709625244141e+01,1.990770530700683594e+01,3.546516180038452148e+00,6.062098503112792969e+00,1.314100170135498047e+01
-5.210857391357421875e+00,-8.702285766601562500e+00,1.433577156066894531e+01,9.850593805313110352e-01,1.783842802047729492e+00,1.186449337005615234e+01,-7.406424045562744141e+00,-1.235263633728027344e+01,1.539192008972167969e+01,8.195871353149414062e+00,1.194584941864013672e+01,2.066800308227539062e+01,4.659003257751464844e+00,8.185498237609863281e+00,1.284078693389892578e+01
-6.785179615020751953e+00,-1.150692844390869141e+01,1.503648948669433594e+01,1.349638223648071289e+00,2.474847078323364258e+00,1.069180202484130859e+01,-9.484465599060058594e+00,-1.562280368804931641e+01,1.815991783142089844e+01,9.706254005432128906e+00,1.359898471832275391e+01,2.300102424621582031e+01,6.272061347961425781e+00,1.095579528808593750e+01,1.339175033569335938e+01
-8.822802543640136719e+00,-1.474207496643066406e+01,1.730864143371582031e+01,1.893476486206054688e+00,3.415562391281127930e+00,9.725200653076171875e+00,-1.208740615844726562e+01,-1.841914749145507812e+01,2.300014877319335938e+01,1.116972160339355469e+01,1.456410026550292969e+01,2.609096145629882812e+01,8.294349670410156250e+00,1.449945354461669922e+01,1.537859153747558594e+01
-1.123520374298095703e+01,-1.767236328125000000e+01,2.138603591918945312e+01,2.528073787689208984e+00,4.819437503814697266e+00,9.078563690185546875e+00,-1.426877307891845703e+01,-1.880554962158203125e+01,2.998442649841308594e+01,1.236562919616699219e+01,1.417783737182617188e+01,3.008835220336914062e+01,1.094837570190429688e+01,1.793514060974121094e+01,1.944994354248046875e+01
-1.366064453125000000e+01,-1.926070976257324219e+01,2.805228042602539062e+01,3.541118621826171875e+00,6.829701423645019531e+00,8.766057968139648438e+00,-1.543648052215576172e+01,-1.520807361602783203e+01,3.722995758056640625e+01,1.277868175506591797e+01,1.218990516662597656e+01,3.334849929809570312e+01,1.373171520233154297e+01,2.010848045349121094e+01,2.637706375122070312e+01
-1.523845672607421875e+01,-1.672291946411132812e+01,3.517480087280273438e+01,4.952060699462890625e+00,9.564786911010742188e+00,9.083282470703125000e+00,-1.435347270965576172e+01,-8.173849105834960938e+00,4.067458724975585938e+01,1.196497344970703125e+01,8.317711830139160156e+00,3.516342926025390625e+01,1.582100200653076172e+01,1.843036651611328125e+01,3.471465301513671875e+01
-1.494705009460449219e+01,-1.031259632110595703e+01,4.031209945678710938e+01,7.125520229339599609e+00,1.356395244598388672e+01,1.033006095886230469e+01,-1.107787990570068359e+01,-1.144402742385864258e+00,3.933120346069335938e+01,1.038299846649169922e+01,4.930717945098876953e+00,3.474597930908203125e+01,1.603315544128417969e+01,1.143919181823730469e+01,4.146755218505859375e+01
-1.220267677307128906e+01,-3.096082210540771484e+00,4.010931777954101562e+01,9.729336738586425781e+00,1.786941909790039062e+01,1.410834789276123047e+01,-7.070973396301269531e+00,2.516631126403808594e+00,3.517207336425781250e+01,8.035425186157226562e+00,2.427467107772827148e+00,3.243178558349609375e+01,1.318178462982177734e+01,2.999426841735839844e+00,4.178470993041992188e+01
-8.406823158264160156e+00,1.811115503311157227e+00,3.636347198486328125e+01,1.364148235321044922e+01,2.248482131958007812e+01,2.194792175292968750e+01,-3.428070545196533203e+00,3.805470943450927734e+00,3.089586830139160156e+01,5.943214893341064453e+00,1.346072554588317871e+00,2.966210365295410156e+01,8.930903434753417969e+00,-2.911896467208862305e+00,3.796590423583984375e+01
-4.431210041046142578e+00,3.467595338821411133e+00,3.210026168823242188e+01,1.648820114135742188e+01,2.297538375854492188e+01,3.159358215332031250e+01,-9.346558451652526855e-01,3.724163532257080078e+00,2.739288520812988281e+01,4.408065319061279297e+00,1.156079888343811035e+00,2.686285400390625000e+01,4.360619068145751953e+00,-4.988825798034667969e+00,3.288931274414062500e+01
-1.616141915321350098e+00,3.873065948486328125e+00,2.816177749633789062e+01,1.811576461791992188e+01,1.769731140136718750e+01,4.212354660034179688e+01,6.887544989585876465e-01,3.672636032104492188e+00,2.445933341979980469e+01,3.279747486114501953e+00,1.532727122306823730e+00,2.420976066589355469e+01,1.220507264137268066e+00,-5.339386940002441406e+00,2.887887191772460938e+01
2.718888223171234131e-01,3.550454854965209961e+00,2.533986282348632812e+01,1.591246795654296875e+01,4.427376270294189453e+00,4.628568649291992188e+01,1.772180676460266113e+00,3.641596555709838867e+00,2.219424057006835938e+01,2.848862886428833008e+00,1.944912791252136230e+00,2.200334739685058594e+01,-1.050833225250244141e+00,-5.042773246765136719e+00,2.592340469360351562e+01
1.453546762466430664e+00,3.611720323562622070e+00,2.278995132446289062e+01,1.085776710510253906e+01,-5.624553680419921875e+00,4.238317108154296875e+01,2.431871175765991211e+00,4.121985912322998047e+00,2.016672897338867188e+01,2.592872142791748047e+00,2.651296854019165039e+00,1.990465736389160156e+01,-2.358546733856201172e+00,-5.064719200134277344e+00,2.364642524719238281e+01
2.199304103851318359e+00,3.804324388504028320e+00,2.074711799621582031e+01,4.450283527374267578e+00,-8.766125679016113281e+00,3.545629119873046875e+01,3.174013137817382812e+00,4.801005840301513672e+00,1.860779762268066406e+01,2.788330316543579102e+00,3.427139997482299805e+00,1.823373031616210938e+01,-3.336901426315307617e+00,-5.416603565216064453e+00,2.171412849426269531e+01
2.805902004241943359e+00,4.545833587646484375e+00,1.908307075500488281e+01,-1.599276363849639893e-01,-8.890758514404296875e+00,3.111130332946777344e+01,3.839866638183593750e+00,5.967242240905761719e+00,1.736775779724121094e+01,3.118471145629882812e+00,4.573567867279052734e+00,1.681174087524414062e+01,-4.054570198059082031e+00,-6.180410385131835938e+00,2.035938453674316406e+01
3.479468822479248047e+00,5.403159618377685547e+00,1.761553955078125000e+01,-3.118212938308715820e+00,-8.628942489624023438e+00,2.825198745727539062e+01,4.824100971221923828e+00,7.542838096618652344e+00,1.667679786682128906e+01,3.786328077316284180e+00,5.850961685180664062e+00,1.571883678436279297e+01,-4.970794677734375000e+00,-7.368587017059326172e+00,1.933902931213378906e+01
4.245259761810302734e+00,6.931692600250244141e+00,1.685658264160156250e+01,-5.039021015167236328e+00,-8.026006698608398438e+00,2.669454383850097656e+01,6.069335937500000000e+00,9.801907539367675781e+00,1.675426292419433594e+01,4.549236774444580078e+00,7.826041221618652344e+00,1.496119403839111328e+01,-5.970131874084472656e+00,-9.037476539611816406e+00,1.923847007751464844e+01
5.357981681823730469e+00,8.648870468139648438e+00,1.630900001525878906e+01,-6.047696113586425781e+00,-8.418897628784179688e+00,2.562727355957031250e+01,7.603196144104003906e+00,1.210306262969970703e+01,1.763241577148437500e+01,6.023891925811767578e+00,9.982481956481933594e+00,1.529514598846435547e+01,-7.221406936645507812e+00,-1.084291172027587891e+01,1.943751525878906250e+01
